"","Row.names","Genotype","Fitness","cpb","length","seq","GC","cai","cai_jt","ITE.iso","sens","gene","isd","tAI","cai_xia","rscu","empi","tAI_norm","empi_norm","frac_edited","mfold"
"1","phix_A1","phix_A1",21.7145451673743,2.59519153090986,1068,"ATGGTTCGTTCTTATTACCCTTCAGAGTGTCACGCTGACTACTTCGACTTCGAGAGGATAGAGGCTCTAAAGCCCGCTATAGAGGCTTGTGGAATATCAACACTATCACAATCCCCAATGCTTGGCTTCCATAAGCAGATGGATAACCGCATCAAGCTCTTGGAAGAGATTCTGTCTTTTCGTATGCAGGGCGTTGAGTTCGATAATGGTGATATGTATGTTGACGGCCATAAGGCTGCTTCTGACGTTCGTGATGAGTTTGTATCTGTTACTGAGAAGTTAATGGATGAATTGGCACAATGCTACAATGTGCTCCCCCAACTTGATATTAATAACACTATAGACCACCGCCCCGAAGGGGACGAAAAATGGTTTTTAGAGAACGAGAAGACGGTTACGCAGTTTTGCCGCAAGCTGGCTGCTGAACGCCCTCTTAAGGATATTCGCGATGAGTATAATTACCCCAAAAAGAAAGGTATTAAGGATGAGTGTTCAAGATTGCTGGAGGCCTCCACTATGAAATCGCGTAGAGGCTTTACTATTCAGCGTTTGATGAATGCAATGCGACAGGCTCATGCTGATGGTTGGTTTATCGTTTTTGACACTCTCACGTTGGCTGACGACCGATTAGAGGCGTTTTATGATAATCCCAATGCTTTGCGTGACTATTTTCGTGATATTGGTCGTATGGTTCTTGCTGCCGAGGGTCGCAAGGCTAATGATTCACACGCCGACTGCTATCAGTATTTTTGTGTGCCTGAGTATGGTACAGCTAATGGCCGTCTTCATTTCCATGCGGTGCATTTTATGCGGACACTTCCTACAGGTAGCGTTGACCCTAATTTTGGTCGTCGGGTACGCAATCGCCGCCAGTTAAATAGCTTGCAAAATACGTGGCCTTATGGTTACAGTATGCCCATCGCAGTTCGCTACACGCAGGACGCTTTTTCACGTTCTGGTTGGTTGTGGCCTGTTGATGCTAAAGGTGAGCCGCTTAAAGCTACCAGTTATATGGCTGTTGGTTTCTATGTGGCTAAATACGTTAACAAAAAGTCAGATATGGACCTT",0.455056179775281,0.269630751014189,0.342856309049164,0.688953050283353,9.57941176470588,"A",-0.266573033707865,0.191928888173752,0.456006213115758,0.678864653113303,1.84618199780286,0.487319547310787,0.762692172909748,0.0337078651685393,-457.6
"2","phix_A1_A2","phix_A1_A2",19.5981887672557,-1.11738174308948,1068,"ATGGTTCGTTCTTATTACCCTTCAGAGTGTCACGCTGACTACTTCGACTTCGAGAGGATAGAGGCTCTAAAGCCCGCTATAGAGGCTTGTGGAATATCAACACTATCACAATCACCCATGCTAGGATTCCACAAGCAAATGGACAATAGGATAAAGCTACTAGAGGAGATACTATCATTCAGGATGCAAGGAGTAGAGTTCGACAATGGAGACATGTACGTAGACGGACACAAGGCTGCTTCAGACGTAAGGGACGAGTTCGTATCAGTAACAGAGAAGCTAATGGACGAGCTAGCTCAATGTTACAATGTACTACCCCAACTTGATATTAATAACACTATAGACCACCGCCCCGAGGGAGACGAGAAGTGGTTCCTAGAGAATGAGAAGACAGTAACACAATTCTGTAGGAAGCTAGCTGCTGAGAGGCCCCTAAAGGACATAAGGGACGAGTACAATTACCCCAAGAAGAAGGGAATAAAGGACGAGTGTTCAAGATTGCTGGAGGCCTCCACTATGAAATCGCGTAGAGGCTTTACAATACAAAGGCTAATGAATGCTATGAGGCAAGCTCACGCTGACGGATGGTTCATAGTATTCGACACTCTCACGTTGGCTGACGACCGATTAGAGGCGTTTTATGATAATCCCAATGCTTTGCGTGACTATTTTCGTGATATTGGTCGTATGGTTCTTGCTGCCGAGGGTCGCAAGGCTAATGATTCACACGCCGACTGCTATCAGTATTTTTGTGTGCCTGAGTATGGTACAGCTAATGGCCGTCTTCATTTCCATGCGGTGCATTTTATGCGGACACTTCCTACAGGTAGCGTTGACCCTAATTTTGGTCGTCGGGTACGCAATCGCCGCCAGTTAAATAGCTTGCAAAATACGTGGCCTTATGGTTACAGTATGCCCATCGCAGTTCGCTACACGCAGGACGCTTTTTCACGTTCTGGTTGGTTGTGGCCTGTTGATGCTAAAGGTGAGCCGCTTAAAGCTACCAGTTATATGGCTGTTGGTTTCTATGTGGCTAAATACGTTAACAAAAAGTCAGATATGGACCTT",0.459737827715356,0.174349154758439,0.217062935618713,0.666067928588265,10.6095588235294,"A",-0.327715355805243,0.191670487634395,0.328347252250745,0.418260730445496,1.86696479590547,0.486663452050388,0.771277933935957,0.198501872659176,-441.6
"3","phix_A1_A2_A3","phix_A1_A2_A3",14.3978821353102,-3.45178766773173,1068,"ATGGTTCGTTCTTATTACCCTTCAGAGTGTCACGCTGACTACTTCGACTTCGAGAGGATAGAGGCTCTAAAGCCCGCTATAGAGGCTTGTGGAATATCAACACTATCACAATCACCCATGCTAGGATTCCACAAGCAAATGGACAATAGGATAAAGCTACTAGAGGAGATACTATCATTCAGGATGCAAGGAGTAGAGTTCGACAATGGAGACATGTACGTAGACGGACACAAGGCTGCTTCAGACGTAAGGGACGAGTTCGTATCAGTAACAGAGAAGCTAATGGACGAGCTAGCTCAATGTTACAATGTACTACCCCAACTTGATATTAATAACACTATAGACCACCGCCCCGAGGGAGACGAGAAGTGGTTCCTAGAGAATGAGAAGACAGTAACACAATTCTGTAGGAAGCTAGCTGCTGAGAGGCCCCTAAAGGACATAAGGGACGAGTACAATTACCCCAAGAAGAAGGGAATAAAGGACGAGTGTTCAAGATTGCTGGAGGCCTCCACTATGAAATCGCGTAGAGGCTTTACAATACAAAGGCTAATGAATGCTATGAGGCAAGCTCACGCTGACGGATGGTTCATAGTATTCGACACTCTAACACTAGCTGACGACAGGCTAGAGGCTTTCTACGACAATCCCAATGCTCTAAGGGACTACTTCAGGGACATAGGAAGGATGGTACTAGCTGCTGAGGGAAGGAAGGCTAATGACTCACACGCTGACTGTTACCAATACTTCTGTGTACCCGAGTACGGAACAGCTAATGGAAGGCTACACTTCCACGCTGTACACTTCATGAGGACACTACCCACAGGATCAGTAGACCCCAATTTCGGAAGGAGGGTAAGGAATAGGAGGCAACTAAATTCATTGCAAAATACATGGCCCTACGGATACAGTATGCCCATCGCAGTTCGCTACACGCAGGACGCTTTTTCACGTTCTGGTTGGTTGTGGCCTGTTGATGCTAAAGGTGAGCCGCTTAAAGCTACCAGTTATATGGCTGTTGGTTTCTATGTGGCTAAATACGTTAACAAAAAGTCAGATATGGACCTT",0.461610486891386,0.133510686123043,0.156657019058074,0.662815426585704,10.8352941176471,"A",-0.375749063670412,0.198371320518846,0.284985071702378,0.288685302398317,1.87521692201697,0.503677289200841,0.774687040948478,0.318352059925094,-429.2
"4","phix_A1_A2_A3_A4","phix_A1_A2_A3_A4",11.4703719921323,-4.93995146172072,1068,"ATGGTTCGTTCTTATTACCCTTCAGAGTGTCACGCTGACTACTTCGACTTCGAGAGGATAGAGGCTCTAAAGCCCGCTATAGAGGCTTGTGGAATATCAACACTATCACAATCACCCATGCTAGGATTCCACAAGCAAATGGACAATAGGATAAAGCTACTAGAGGAGATACTATCATTCAGGATGCAAGGAGTAGAGTTCGACAATGGAGACATGTACGTAGACGGACACAAGGCTGCTTCAGACGTAAGGGACGAGTTCGTATCAGTAACAGAGAAGCTAATGGACGAGCTAGCTCAATGTTACAATGTACTACCCCAACTTGATATTAATAACACTATAGACCACCGCCCCGAGGGAGACGAGAAGTGGTTCCTAGAGAATGAGAAGACAGTAACACAATTCTGTAGGAAGCTAGCTGCTGAGAGGCCCCTAAAGGACATAAGGGACGAGTACAATTACCCCAAGAAGAAGGGAATAAAGGACGAGTGTTCAAGATTGCTGGAGGCCTCCACTATGAAATCGCGTAGAGGCTTTACAATACAAAGGCTAATGAATGCTATGAGGCAAGCTCACGCTGACGGATGGTTCATAGTATTCGACACTCTAACACTAGCTGACGACAGGCTAGAGGCTTTCTACGACAATCCCAATGCTCTAAGGGACTACTTCAGGGACATAGGAAGGATGGTACTAGCTGCTGAGGGAAGGAAGGCTAATGACTCACACGCTGACTGTTACCAATACTTCTGTGTACCCGAGTACGGAACAGCTAATGGAAGGCTACACTTCCACGCTGTACACTTCATGAGGACACTACCCACAGGATCAGTAGACCCCAATTTCGGAAGGAGGGTAAGGAATAGGAGGCAACTAAATTCATTGCAAAATACATGGCCCTACGGATACAGTATGCCCATAGCTGTAAGGTACACACAAGACGCTTTCTCAAGGTCAGGATGGCTATGGCCCGTAGACGCTAAGGGAGAGCCCCTAAAGGCTACATCATACATGGCTGTAGGATTCTACGTAGCTAAGTACGTAAATAAGAAGTCAGACATGGACCTA",0.464419475655431,0.113868770055565,0.133554631471527,0.648625529910461,10.6419117647059,"A",-0.382022471910112,0.199609117523926,0.25121246099792,0.24411997891775,1.85135796798528,0.506820133834175,0.764830462607101,0.378277153558052,-428.9
"5","phix_A1_A2_A4","phix_A1_A2_A4",13.6302869103334,-2.60554553707847,1068,"ATGGTTCGTTCTTATTACCCTTCAGAGTGTCACGCTGACTACTTCGACTTCGAGAGGATAGAGGCTCTAAAGCCCGCTATAGAGGCTTGTGGAATATCAACACTATCACAATCACCCATGCTAGGATTCCACAAGCAAATGGACAATAGGATAAAGCTACTAGAGGAGATACTATCATTCAGGATGCAAGGAGTAGAGTTCGACAATGGAGACATGTACGTAGACGGACACAAGGCTGCTTCAGACGTAAGGGACGAGTTCGTATCAGTAACAGAGAAGCTAATGGACGAGCTAGCTCAATGTTACAATGTACTACCCCAACTTGATATTAATAACACTATAGACCACCGCCCCGAGGGAGACGAGAAGTGGTTCCTAGAGAATGAGAAGACAGTAACACAATTCTGTAGGAAGCTAGCTGCTGAGAGGCCCCTAAAGGACATAAGGGACGAGTACAATTACCCCAAGAAGAAGGGAATAAAGGACGAGTGTTCAAGATTGCTGGAGGCCTCCACTATGAAATCGCGTAGAGGCTTTACAATACAAAGGCTAATGAATGCTATGAGGCAAGCTCACGCTGACGGATGGTTCATAGTATTCGACACTCTCACGTTGGCTGACGACCGATTAGAGGCGTTTTATGATAATCCCAATGCTTTGCGTGACTATTTTCGTGATATTGGTCGTATGGTTCTTGCTGCCGAGGGTCGCAAGGCTAATGATTCACACGCCGACTGCTATCAGTATTTTTGTGTGCCTGAGTATGGTACAGCTAATGGCCGTCTTCATTTCCATGCGGTGCATTTTATGCGGACACTTCCTACAGGTAGCGTTGACCCTAATTTTGGTCGTCGGGTACGCAATCGCCGCCAGTTAAATAGCTTGCAAAATACGTGGCCTTATGGTTACAGTATGCCCATAGCTGTAAGGTACACACAAGACGCTTTCTCAAGGTCAGGATGGCTATGGCCCGTAGACGCTAAGGGAGAGCCCCTAAAGGCTACATCATACATGGCTGTAGGATTCTACGTAGCTAAGTACGTAAATAAGAAGTCAGACATGGACCTA",0.462546816479401,0.148699137043416,0.185052419272311,0.651808400661997,10.4161764705882,"A",-0.333988764044944,0.192866472794627,0.289435937142549,0.353692411252706,1.84321083617884,0.489700133773606,0.761464730697773,0.258426966292135,-436.3
"6","phix_A1_A3","phix_A1_A3",17.8588077434881,0.260785606267608,1068,"ATGGTTCGTTCTTATTACCCTTCAGAGTGTCACGCTGACTACTTCGACTTCGAGAGGATAGAGGCTCTAAAGCCCGCTATAGAGGCTTGTGGAATATCAACACTATCACAATCCCCAATGCTTGGCTTCCATAAGCAGATGGATAACCGCATCAAGCTCTTGGAAGAGATTCTGTCTTTTCGTATGCAGGGCGTTGAGTTCGATAATGGTGATATGTATGTTGACGGCCATAAGGCTGCTTCTGACGTTCGTGATGAGTTTGTATCTGTTACTGAGAAGTTAATGGATGAATTGGCACAATGCTACAATGTGCTCCCCCAACTTGATATTAATAACACTATAGACCACCGCCCCGAAGGGGACGAAAAATGGTTTTTAGAGAACGAGAAGACGGTTACGCAGTTTTGCCGCAAGCTGGCTGCTGAACGCCCTCTTAAGGATATTCGCGATGAGTATAATTACCCCAAAAAGAAAGGTATTAAGGATGAGTGTTCAAGATTGCTGGAGGCCTCCACTATGAAATCGCGTAGAGGCTTTACTATTCAGCGTTTGATGAATGCAATGCGACAGGCTCATGCTGATGGTTGGTTTATCGTTTTTGACACTCTAACACTAGCTGACGACAGGCTAGAGGCTTTCTACGACAATCCCAATGCTCTAAGGGACTACTTCAGGGACATAGGAAGGATGGTACTAGCTGCTGAGGGAAGGAAGGCTAATGACTCACACGCTGACTGTTACCAATACTTCTGTGTACCCGAGTACGGAACAGCTAATGGAAGGCTACACTTCCACGCTGTACACTTCATGAGGACACTACCCACAGGATCAGTAGACCCCAATTTCGGAAGGAGGGTAAGGAATAGGAGGCAACTAAATTCATTGCAAAATACATGGCCCTACGGATACAGTATGCCCATCGCAGTTCGCTACACGCAGGACGCTTTTTCACGTTCTGGTTGGTTGTGGCCTGTTGATGCTAAAGGTGAGCCGCTTAAAGCTACCAGTTATATGGCTGTTGGTTTCTATGTGGCTAAATACGTTAACAAAAAGTCAGATATGGACCTT",0.456928838951311,0.206474110056064,0.247443660465564,0.685588797060012,9.80514705882353,"A",-0.314606741573034,0.198638754785058,0.39578514042896,0.46855521784893,1.85434226236921,0.50435632166326,0.766063330206823,0.153558052434457,-442.1
"7","phix_A1_A3_A4","phix_A1_A3_A4",13.3800250593411,-1.22737818772138,1068,"ATGGTTCGTTCTTATTACCCTTCAGAGTGTCACGCTGACTACTTCGACTTCGAGAGGATAGAGGCTCTAAAGCCCGCTATAGAGGCTTGTGGAATATCAACACTATCACAATCCCCAATGCTTGGCTTCCATAAGCAGATGGATAACCGCATCAAGCTCTTGGAAGAGATTCTGTCTTTTCGTATGCAGGGCGTTGAGTTCGATAATGGTGATATGTATGTTGACGGCCATAAGGCTGCTTCTGACGTTCGTGATGAGTTTGTATCTGTTACTGAGAAGTTAATGGATGAATTGGCACAATGCTACAATGTGCTCCCCCAACTTGATATTAATAACACTATAGACCACCGCCCCGAAGGGGACGAAAAATGGTTTTTAGAGAACGAGAAGACGGTTACGCAGTTTTGCCGCAAGCTGGCTGCTGAACGCCCTCTTAAGGATATTCGCGATGAGTATAATTACCCCAAAAAGAAAGGTATTAAGGATGAGTGTTCAAGATTGCTGGAGGCCTCCACTATGAAATCGCGTAGAGGCTTTACTATTCAGCGTTTGATGAATGCAATGCGACAGGCTCATGCTGATGGTTGGTTTATCGTTTTTGACACTCTAACACTAGCTGACGACAGGCTAGAGGCTTTCTACGACAATCCCAATGCTCTAAGGGACTACTTCAGGGACATAGGAAGGATGGTACTAGCTGCTGAGGGAAGGAAGGCTAATGACTCACACGCTGACTGTTACCAATACTTCTGTGTACCCGAGTACGGAACAGCTAATGGAAGGCTACACTTCCACGCTGTACACTTCATGAGGACACTACCCACAGGATCAGTAGACCCCAATTTCGGAAGGAGGGTAAGGAATAGGAGGCAACTAAATTCATTGCAAAATACATGGCCCTACGGATACAGTATGCCCATAGCTGTAAGGTACACACAAGACGCTTTCTCAAGGTCAGGATGGCTATGGCCCGTAGACGCTAAGGGAGAGCCCCTAAAGGCTACATCATACATGGCTGTAGGATTCTACGTAGCTAAGTACGTAAATAAGAAGTCAGACATGGACCTA",0.459737827715356,0.176097911284298,0.210952864302833,0.67091135624953,9.61176470588235,"A",-0.320880149812734,0.199878220525987,0.348881990764068,0.396222769059647,1.83074890296772,0.507503403322118,0.75631647395453,0.213483146067416,-435.8
"8","phix_A1_A4","phix_A1_A4",14.1511036689918,1.10702773692087,1068,"ATGGTTCGTTCTTATTACCCTTCAGAGTGTCACGCTGACTACTTCGACTTCGAGAGGATAGAGGCTCTAAAGCCCGCTATAGAGGCTTGTGGAATATCAACACTATCACAATCCCCAATGCTTGGCTTCCATAAGCAGATGGATAACCGCATCAAGCTCTTGGAAGAGATTCTGTCTTTTCGTATGCAGGGCGTTGAGTTCGATAATGGTGATATGTATGTTGACGGCCATAAGGCTGCTTCTGACGTTCGTGATGAGTTTGTATCTGTTACTGAGAAGTTAATGGATGAATTGGCACAATGCTACAATGTGCTCCCCCAACTTGATATTAATAACACTATAGACCACCGCCCCGAAGGGGACGAAAAATGGTTTTTAGAGAACGAGAAGACGGTTACGCAGTTTTGCCGCAAGCTGGCTGCTGAACGCCCTCTTAAGGATATTCGCGATGAGTATAATTACCCCAAAAAGAAAGGTATTAAGGATGAGTGTTCAAGATTGCTGGAGGCCTCCACTATGAAATCGCGTAGAGGCTTTACTATTCAGCGTTTGATGAATGCAATGCGACAGGCTCATGCTGATGGTTGGTTTATCGTTTTTGACACTCTCACGTTGGCTGACGACCGATTAGAGGCGTTTTATGATAATCCCAATGCTTTGCGTGACTATTTTCGTGATATTGGTCGTATGGTTCTTGCTGCCGAGGGTCGCAAGGCTAATGATTCACACGCCGACTGCTATCAGTATTTTTGTGTGCCTGAGTATGGTACAGCTAATGGCCGTCTTCATTTCCATGCGGTGCATTTTATGCGGACACTTCCTACAGGTAGCGTTGACCCTAATTTTGGTCGTCGGGTACGCAATCGCCGCCAGTTAAATAGCTTGCAAAATACGTGGCCTTATGGTTACAGTATGCCCATAGCTGTAAGGTACACACAAGACGCTTTCTCAAGGTCAGGATGGCTATGGCCCGTAGACGCTAAGGGAGAGCCCCTAAAGGCTACATCATACATGGCTGTAGGATTCTACGTAGCTAAGTACGTAAATAAGAAGTCAGACATGGACCTA",0.457865168539326,0.22996303051614,0.292294901805672,0.674203585793709,9.38602941176471,"A",-0.272846441947566,0.1931264857012,0.401966469130655,0.574066027709873,1.82269246392412,0.490360322936018,0.7529882089149,0.0936329588014981,-450.5
"9","phix_A1_opt","phix_A1_opt",19.8175,2.88911146628565,1542,"ATGGTTCGTTCTTATTACCCTAGCGAATGCCATGCGGATTATTTTGATTTTGAACGCATTGAAGCGCTGAAACCGGCGATTGAAGCGTGCGGCATTAGCACCCTGAGCCAGTCCCCAATGCTTGGCTTCCATAAGCAGATGGATAACCGCATCAAGCTCTTGGAAGAGATTCTGTCTTTTCGTATGCAGGGCGTTGAGTTCGATAATGGTGATATGTATGTTGACGGCCATAAGGCTGCTTCTGACGTTCGTGATGAGTTTGTATCTGTTACTGAGAAGTTAATGGATGAATTGGCACAATGCTACAATGTGCTCCCCCAACTTGATATTAATAACACTATAGACCACCGCCCCGAAGGGGACGAAAAATGGTTTTTAGAGAACGAGAAGACGGTTACGCAGTTTTGCCGCAAGCTGGCTGCTGAACGCCCTCTTAAGGATATTCGCGATGAGTATAATTACCCCAAAAAGAAAGGTATTAAGGATGAGTGTTCAAGATTGCTGGAGGCCTCCACTATGAAATCGCGTAGAGGCTTTACTATTCAGCGTTTGATGAATGCAATGCGACAGGCTCATGCTGATGGTTGGTTTATCGTTTTTGACACTCTCACGTTGGCTGACGACCGATTAGAGGCGTTTTATGATAATCCCAATGCTTTGCGTGACTATTTTCGTGATATTGGTCGTATGGTTCTTGCTGCCGAGGGTCGCAAGGCTAATGATTCACACGCCGACTGCTATCAGTATTTTTGTGTGCCTGAGTATGGTACAGCTAATGGCCGTCTTCATTTCCATGCGGTGCATTTTATGCGGACACTTCCTACAGGTAGCGTTGACCCTAATTTTGGTCGTCGGGTACGCAATCGCCGCCAGTTAAATAGCTTGCAAAATACGTGGCCTTATGGTTACAGTATGCCCATCGCAGTTCGCTACACGCAGGACGCTTTTTCACGTTCTGGTTGGTTGTGGCCTGTTGATGCTAAAGGTGAGCCGCTTAAAGCTACCAGTTATATGGCTGTTGGTTTCTATGTGGCTAAATACGTTAACAAAAAGTCAGATATGGACCTTGCTGCTAAAGGTCTAGGAGCTAAAGAATGGAACAACTCACTAAAAACCAAGCTGTCGCTACTTCCCAAGAAGCTGTTCAGAATCAGAATGAGCCGCAACTTCGGGATGAAAATGCTCACAATGACAAATCTGTCCACGGAGTGCTTAATCCAACTTACCAAGCTGGGTTACGACGCGACGCCGTTCAACCAGATATTGAAGCAGAACGCAAAAAGAGAGATGAGATTGAGGCTGGGAAAAGTTACTGTAGCCGACGTTTTGGCGGCGCAACCTGTGACGACAAATCTGCTCAAATTTATGCGCGCTTCGATAAAAATGATTGGCGTATCCAACCTGCAGAGTTTTATCGCTTCCATGACGCAGAAGTTAACACTTTCGGATATTTCTGATGAGTCGAAAAATTATCTTGATAAAGCAGGAATTACTACTGCTTGTTTACGAATTAAATCGAAGTGGACTGCTGGCGGAAAATGA",0.452658884565499,0.272492504705626,0.343985928452165,0.710179891909575,9.64046511627907,"A",-0.234370946822309,0.205036727236348,0.486344904485573,0.694843264119396,1.72659845756802,0.505634652146064,0.733465038388201,0.108949416342412,-472.9
"10","phix_A2","phix_A2",20.5098742154075,-0.292529940877211,1068,"ATGGTTCGTTCTTATTACCCTTCTGAATGTCACGCTGATTATTTTGACTTTGAGCGTATCGAGGCTCTTAAACCTGCTATTGAGGCTTGTGGCATTTCTACTCTTTCTCAATCACCCATGCTAGGATTCCACAAGCAAATGGACAATAGGATAAAGCTACTAGAGGAGATACTATCATTCAGGATGCAAGGAGTAGAGTTCGACAATGGAGACATGTACGTAGACGGACACAAGGCTGCTTCAGACGTAAGGGACGAGTTCGTATCAGTAACAGAGAAGCTAATGGACGAGCTAGCTCAATGTTACAATGTACTACCCCAACTTGATATTAATAACACTATAGACCACCGCCCCGAGGGAGACGAGAAGTGGTTCCTAGAGAATGAGAAGACAGTAACACAATTCTGTAGGAAGCTAGCTGCTGAGAGGCCCCTAAAGGACATAAGGGACGAGTACAATTACCCCAAGAAGAAGGGAATAAAGGACGAGTGTTCAAGATTGCTGGAGGCCTCCACTATGAAATCGCGTAGAGGCTTTACAATACAAAGGCTAATGAATGCTATGAGGCAAGCTCACGCTGACGGATGGTTCATAGTATTCGACACTCTCACGTTGGCTGACGACCGATTAGAGGCGTTTTATGATAATCCCAATGCTTTGCGTGACTATTTTCGTGATATTGGTCGTATGGTTCTTGCTGCCGAGGGTCGCAAGGCTAATGATTCACACGCCGACTGCTATCAGTATTTTTGTGTGCCTGAGTATGGTACAGCTAATGGCCGTCTTCATTTCCATGCGGTGCATTTTATGCGGACACTTCCTACAGGTAGCGTTGACCCTAATTTTGGTCGTCGGGTACGCAATCGCCGCCAGTTAAATAGCTTGCAAAATACGTGGCCTTATGGTTACAGTATGCCCATCGCAGTTCGCTACACGCAGGACGCTTTTTCACGTTCTGGTTGGTTGTGGCCTGTTGATGCTAAAGGTGAGCCGCTTAAAGCTACCAGTTATATGGCTGTTGGTTTCTATGTGGCTAAATACGTTAACAAAAAGTCAGATATGGACCTT",0.455056179775281,0.19524934193784,0.244310559439713,0.667155191659134,10.6933823529412,"A",-0.315823970037453,0.19133331235569,0.357763354244008,0.47237548033671,1.86898540048911,0.485807342760398,0.772112683328117,0.164794007490637,-438.9
"11","phix_A2_A3","phix_A2_A3",15.8558256008016,-2.62693586551946,1068,"ATGGTTCGTTCTTATTACCCTTCTGAATGTCACGCTGATTATTTTGACTTTGAGCGTATCGAGGCTCTTAAACCTGCTATTGAGGCTTGTGGCATTTCTACTCTTTCTCAATCACCCATGCTAGGATTCCACAAGCAAATGGACAATAGGATAAAGCTACTAGAGGAGATACTATCATTCAGGATGCAAGGAGTAGAGTTCGACAATGGAGACATGTACGTAGACGGACACAAGGCTGCTTCAGACGTAAGGGACGAGTTCGTATCAGTAACAGAGAAGCTAATGGACGAGCTAGCTCAATGTTACAATGTACTACCCCAACTTGATATTAATAACACTATAGACCACCGCCCCGAGGGAGACGAGAAGTGGTTCCTAGAGAATGAGAAGACAGTAACACAATTCTGTAGGAAGCTAGCTGCTGAGAGGCCCCTAAAGGACATAAGGGACGAGTACAATTACCCCAAGAAGAAGGGAATAAAGGACGAGTGTTCAAGATTGCTGGAGGCCTCCACTATGAAATCGCGTAGAGGCTTTACAATACAAAGGCTAATGAATGCTATGAGGCAAGCTCACGCTGACGGATGGTTCATAGTATTCGACACTCTAACACTAGCTGACGACAGGCTAGAGGCTTTCTACGACAATCCCAATGCTCTAAGGGACTACTTCAGGGACATAGGAAGGATGGTACTAGCTGCTGAGGGAAGGAAGGCTAATGACTCACACGCTGACTGTTACCAATACTTCTGTGTACCCGAGTACGGAACAGCTAATGGAAGGCTACACTTCCACGCTGTACACTTCATGAGGACACTACCCACAGGATCAGTAGACCCCAATTTCGGAAGGAGGGTAAGGAATAGGAGGCAACTAAATTCATTGCAAAATACATGGCCCTACGGATACAGTATGCCCATCGCAGTTCGCTACACGCAGGACGCTTTTTCACGTTCTGGTTGGTTGTGGCCTGTTGATGCTAAAGGTGAGCCGCTTAAAGCTACCAGTTATATGGCTGTTGGTTTCTATGTGGCTAAATACGTTAACAAAAAGTCAGATATGGACCTT",0.456928838951311,0.149515342608404,0.176321967899047,0.663897380400319,10.9191176470588,"A",-0.363857677902622,0.198022357534985,0.310516425713384,0.326035528703126,1.87724645782623,0.502791250184299,0.775525479996313,0.284644194756554,-426.4
"12","phix_A2_A3_A4","phix_A2_A3_A4",11.6420757486053,-4.11509965950845,1068,"ATGGTTCGTTCTTATTACCCTTCTGAATGTCACGCTGATTATTTTGACTTTGAGCGTATCGAGGCTCTTAAACCTGCTATTGAGGCTTGTGGCATTTCTACTCTTTCTCAATCACCCATGCTAGGATTCCACAAGCAAATGGACAATAGGATAAAGCTACTAGAGGAGATACTATCATTCAGGATGCAAGGAGTAGAGTTCGACAATGGAGACATGTACGTAGACGGACACAAGGCTGCTTCAGACGTAAGGGACGAGTTCGTATCAGTAACAGAGAAGCTAATGGACGAGCTAGCTCAATGTTACAATGTACTACCCCAACTTGATATTAATAACACTATAGACCACCGCCCCGAGGGAGACGAGAAGTGGTTCCTAGAGAATGAGAAGACAGTAACACAATTCTGTAGGAAGCTAGCTGCTGAGAGGCCCCTAAAGGACATAAGGGACGAGTACAATTACCCCAAGAAGAAGGGAATAAAGGACGAGTGTTCAAGATTGCTGGAGGCCTCCACTATGAAATCGCGTAGAGGCTTTACAATACAAAGGCTAATGAATGCTATGAGGCAAGCTCACGCTGACGGATGGTTCATAGTATTCGACACTCTAACACTAGCTGACGACAGGCTAGAGGCTTTCTACGACAATCCCAATGCTCTAAGGGACTACTTCAGGGACATAGGAAGGATGGTACTAGCTGCTGAGGGAAGGAAGGCTAATGACTCACACGCTGACTGTTACCAATACTTCTGTGTACCCGAGTACGGAACAGCTAATGGAAGGCTACACTTCCACGCTGTACACTTCATGAGGACACTACCCACAGGATCAGTAGACCCCAATTTCGGAAGGAGGGTAAGGAATAGGAGGCAACTAAATTCATTGCAAAATACATGGCCCTACGGATACAGTATGCCCATAGCTGTAAGGTACACACAAGACGCTTTCTCAAGGTCAGGATGGCTATGGCCCGTAGACGCTAAGGGAGAGCCCCTAAAGGCTACATCATACATGGCTGTAGGATTCTACGTAGCTAAGTACGTAAATAAGAAGTCAGACATGGACCTA",0.459737827715356,0.127518842585867,0.150319568090096,0.649684320696243,10.7257352941176,"A",-0.370131086142322,0.199257977081473,0.27371818115863,0.275704324855538,1.85336168139447,0.505928566112989,0.765658233940463,0.344569288389513,-425.8
"13","phix_A2_A4","phix_A2_A4",12.0813906526956,-1.7806937348662,1068,"ATGGTTCGTTCTTATTACCCTTCTGAATGTCACGCTGATTATTTTGACTTTGAGCGTATCGAGGCTCTTAAACCTGCTATTGAGGCTTGTGGCATTTCTACTCTTTCTCAATCACCCATGCTAGGATTCCACAAGCAAATGGACAATAGGATAAAGCTACTAGAGGAGATACTATCATTCAGGATGCAAGGAGTAGAGTTCGACAATGGAGACATGTACGTAGACGGACACAAGGCTGCTTCAGACGTAAGGGACGAGTTCGTATCAGTAACAGAGAAGCTAATGGACGAGCTAGCTCAATGTTACAATGTACTACCCCAACTTGATATTAATAACACTATAGACCACCGCCCCGAGGGAGACGAGAAGTGGTTCCTAGAGAATGAGAAGACAGTAACACAATTCTGTAGGAAGCTAGCTGCTGAGAGGCCCCTAAAGGACATAAGGGACGAGTACAATTACCCCAAGAAGAAGGGAATAAAGGACGAGTGTTCAAGATTGCTGGAGGCCTCCACTATGAAATCGCGTAGAGGCTTTACAATACAAAGGCTAATGAATGCTATGAGGCAAGCTCACGCTGACGGATGGTTCATAGTATTCGACACTCTCACGTTGGCTGACGACCGATTAGAGGCGTTTTATGATAATCCCAATGCTTTGCGTGACTATTTTCGTGATATTGGTCGTATGGTTCTTGCTGCCGAGGGTCGCAAGGCTAATGATTCACACGCCGACTGCTATCAGTATTTTTGTGTGCCTGAGTATGGTACAGCTAATGGCCGTCTTCATTTCCATGCGGTGCATTTTATGCGGACACTTCCTACAGGTAGCGTTGACCCTAATTTTGGTCGTCGGGTACGCAATCGCCGCCAGTTAAATAGCTTGCAAAATACGTGGCCTTATGGTTACAGTATGCCCATAGCTGTAAGGTACACACAAGACGCTTTCTCAAGGTCAGGATGGCTATGGCCCGTAGACGCTAAGGGAGAGCCCCTAAAGGCTACATCATACATGGCTGTAGGATTCTACGTAGCTAAGTACGTAAATAAGAAGTCAGACATGGACCTA",0.457865168539326,0.166524516248315,0.20828180522494,0.652872387040719,10.5,"A",-0.322097378277154,0.192527193610231,0.315366037026556,0.399453284746554,1.8452057319971,0.488838682534425,0.762288859320068,0.224719101123595,-433.6
"14","phix_A2_opt","phix_A2_opt",19.36,5.50602458466183,1542,"ATGGTTCGTTCTTATTACCCTTCTGAATGTCACGCTGATTATTTTGACTTTGAGCGTATCGAGGCTCTTAAACCTGCTATTGAGGCTTGTGGCATTTCTACTCTTTCTCAAAGCCCGATGCTGGGCTTTCATAAACAGATGGATAACCGCATTAAACTGCTGGAAGAAATTCTGAGCTTTCGCATGCAGGGCGTGGAATTTGATAACGGCGATATGTATGTGGATGGCCATAAAGCGGCGAGCGATGTGCGCGATGAATTTGTGAGCGTGACCGAAAAACTGATGGATGAACTGGCGCAGTGCTATAACGTGCTGCCGCAACTTGATATTAATAACACTATAGACCACCGCCCCGAAGGCGATGAAAAATGGTTTCTGGAAAACGAAAAAACCGTGACCCAGTTTTGCCGCAAACTGGCGGCGGAACGCCCGCTGAAAGATATTCGCGATGAATATAACTATCCGAAAAAAAAAGGCATTAAAGATGAATGTTCAAGATTGCTGGAGGCCTCCACTATGAAATCGCGTAGAGGCTTTACCATTCAGCGCCTGATGAACGCGATGCGCCAGGCGCATGCGGATGGCTGGTTTATTGTGTTTGACACTCTCACGTTGGCTGACGACCGATTAGAGGCGTTTTATGATAATCCCAATGCTTTGCGTGACTATTTTCGTGATATTGGTCGTATGGTTCTTGCTGCCGAGGGTCGCAAGGCTAATGATTCACACGCCGACTGCTATCAGTATTTTTGTGTGCCTGAGTATGGTACAGCTAATGGCCGTCTTCATTTCCATGCGGTGCATTTTATGCGGACACTTCCTACAGGTAGCGTTGACCCTAATTTTGGTCGTCGGGTACGCAATCGCCGCCAGTTAAATAGCTTGCAAAATACGTGGCCTTATGGTTACAGTATGCCCATCGCAGTTCGCTACACGCAGGACGCTTTTTCACGTTCTGGTTGGTTGTGGCCTGTTGATGCTAAAGGTGAGCCGCTTAAAGCTACCAGTTATATGGCTGTTGGTTTCTATGTGGCTAAATACGTTAACAAAAAGTCAGATATGGACCTTGCTGCTAAAGGTCTAGGAGCTAAAGAATGGAACAACTCACTAAAAACCAAGCTGTCGCTACTTCCCAAGAAGCTGTTCAGAATCAGAATGAGCCGCAACTTCGGGATGAAAATGCTCACAATGACAAATCTGTCCACGGAGTGCTTAATCCAACTTACCAAGCTGGGTTACGACGCGACGCCGTTCAACCAGATATTGAAGCAGAACGCAAAAAGAGAGATGAGATTGAGGCTGGGAAAAGTTACTGTAGCCGACGTTTTGGCGGCGCAACCTGTGACGACAAATCTGCTCAAATTTATGCGCGCTTCGATAAAAATGATTGGCGTATCCAACCTGCAGAGTTTTATCGCTTCCATGACGCAGAAGTTAACACTTTCGGATATTTCTGATGAGTCGAAAAATTATCTTGATAAAGCAGGAATTACTACTGCTTGTTTACGAATTAAATCGAAGTGGACTGCTGGCGGAAAATGA",0.457846952010376,0.306015450991442,0.375585701268985,0.709121986337026,9.96604651162791,"A",-0.2310635538262,0.218185116163704,0.528837333897573,0.760866540696786,1.67914553085804,0.538059482327349,0.713306869846806,0.130998702983139,-469.9
"15","phix_A3","phix_A3",15.8860171180294,1.08563740847988,1068,"ATGGTTCGTTCTTATTACCCTTCTGAATGTCACGCTGATTATTTTGACTTTGAGCGTATCGAGGCTCTTAAACCTGCTATTGAGGCTTGTGGCATTTCTACTCTTTCTCAATCCCCAATGCTTGGCTTCCATAAGCAGATGGATAACCGCATCAAGCTCTTGGAAGAGATTCTGTCTTTTCGTATGCAGGGCGTTGAGTTCGATAATGGTGATATGTATGTTGACGGCCATAAGGCTGCTTCTGACGTTCGTGATGAGTTTGTATCTGTTACTGAGAAGTTAATGGATGAATTGGCACAATGCTACAATGTGCTCCCCCAACTTGATATTAATAACACTATAGACCACCGCCCCGAAGGGGACGAAAAATGGTTTTTAGAGAACGAGAAGACGGTTACGCAGTTTTGCCGCAAGCTGGCTGCTGAACGCCCTCTTAAGGATATTCGCGATGAGTATAATTACCCCAAAAAGAAAGGTATTAAGGATGAGTGTTCAAGATTGCTGGAGGCCTCCACTATGAAATCGCGTAGAGGCTTTACTATTCAGCGTTTGATGAATGCAATGCGACAGGCTCATGCTGATGGTTGGTTTATCGTTTTTGACACTCTAACACTAGCTGACGACAGGCTAGAGGCTTTCTACGACAATCCCAATGCTCTAAGGGACTACTTCAGGGACATAGGAAGGATGGTACTAGCTGCTGAGGGAAGGAAGGCTAATGACTCACACGCTGACTGTTACCAATACTTCTGTGTACCCGAGTACGGAACAGCTAATGGAAGGCTACACTTCCACGCTGTACACTTCATGAGGACACTACCCACAGGATCAGTAGACCCCAATTTCGGAAGGAGGGTAAGGAATAGGAGGCAACTAAATTCATTGCAAAATACATGGCCCTACGGATACAGTATGCCCATCGCAGTTCGCTACACGCAGGACGCTTTTTCACGTTCTGGTTGGTTGTGGCCTGTTGATGCTAAAGGTGAGCCGCTTAAAGCTACCAGTTATATGGCTGTTGGTTTCTATGTGGCTAAATACGTTAACAAAAAGTCAGATATGGACCTT",0.452247191011236,0.231225291407364,0.278504936579051,0.686707925228252,9.8889705882353,"A",-0.302715355805243,0.198289321346802,0.431242894311382,0.529177089754311,1.85634920566197,0.50346908813335,0.766892435865249,0.119850187265918,-439.9
"16","phix_A3_A4","phix_A3_A4",10.9917033208435,-0.402526385509115,1068,"ATGGTTCGTTCTTATTACCCTTCTGAATGTCACGCTGATTATTTTGACTTTGAGCGTATCGAGGCTCTTAAACCTGCTATTGAGGCTTGTGGCATTTCTACTCTTTCTCAATCCCCAATGCTTGGCTTCCATAAGCAGATGGATAACCGCATCAAGCTCTTGGAAGAGATTCTGTCTTTTCGTATGCAGGGCGTTGAGTTCGATAATGGTGATATGTATGTTGACGGCCATAAGGCTGCTTCTGACGTTCGTGATGAGTTTGTATCTGTTACTGAGAAGTTAATGGATGAATTGGCACAATGCTACAATGTGCTCCCCCAACTTGATATTAATAACACTATAGACCACCGCCCCGAAGGGGACGAAAAATGGTTTTTAGAGAACGAGAAGACGGTTACGCAGTTTTGCCGCAAGCTGGCTGCTGAACGCCCTCTTAAGGATATTCGCGATGAGTATAATTACCCCAAAAAGAAAGGTATTAAGGATGAGTGTTCAAGATTGCTGGAGGCCTCCACTATGAAATCGCGTAGAGGCTTTACTATTCAGCGTTTGATGAATGCAATGCGACAGGCTCATGCTGATGGTTGGTTTATCGTTTTTGACACTCTAACACTAGCTGACGACAGGCTAGAGGCTTTCTACGACAATCCCAATGCTCTAAGGGACTACTTCAGGGACATAGGAAGGATGGTACTAGCTGCTGAGGGAAGGAAGGCTAATGACTCACACGCTGACTGTTACCAATACTTCTGTGTACCCGAGTACGGAACAGCTAATGGAAGGCTACACTTCCACGCTGTACACTTCATGAGGACACTACCCACAGGATCAGTAGACCCCAATTTCGGAAGGAGGGTAAGGAATAGGAGGCAACTAAATTCATTGCAAAATACATGGCCCTACGGATACAGTATGCCCATAGCTGTAAGGTACACACAAGACGCTTTCTCAAGGTCAGGATGGCTATGGCCCGTAGACGCTAAGGGAGAGCCCCTAAAGGCTACATCATACATGGCTGTAGGATTCTACGTAGCTAAGTACGTAAATAAGAAGTCAGACATGGACCTA",0.455056179775281,0.197207731477248,0.237433498935835,0.672006525541081,9.69558823529412,"A",-0.308988764044944,0.199526606693598,0.380137766938773,0.447486238202517,1.83273031131186,0.506610633634042,0.757135030650028,0.179775280898876,-433.7
"17","phix_A3_opt","phix_A3_opt",13.6866666666667,3.93462129060754,1542,"ATGGTTCGTTCTTATTACCCTTCTGAATGTCACGCTGATTATTTTGACTTTGAGCGTATCGAGGCTCTTAAACCTGCTATTGAGGCTTGTGGCATTTCTACTCTTTCTCAATCCCCAATGCTTGGCTTCCATAAGCAGATGGATAACCGCATCAAGCTCTTGGAAGAGATTCTGTCTTTTCGTATGCAGGGCGTTGAGTTCGATAATGGTGATATGTATGTTGACGGCCATAAGGCTGCTTCTGACGTTCGTGATGAGTTTGTATCTGTTACTGAGAAGTTAATGGATGAATTGGCACAATGCTACAATGTGCTCCCCCAACTTGATATTAATAACACTATAGACCACCGCCCCGAAGGGGACGAAAAATGGTTTTTAGAGAACGAGAAGACGGTTACGCAGTTTTGCCGCAAGCTGGCTGCTGAACGCCCTCTTAAGGATATTCGCGATGAGTATAATTACCCCAAAAAGAAAGGTATTAAGGATGAGTGTTCAAGATTGCTGGAGGCCTCCACTATGAAATCGCGTAGAGGCTTTACTATTCAGCGTTTGATGAATGCAATGCGACAGGCTCATGCTGATGGTTGGTTTATCGTTTTTGATACCCTGACCCTGGCGGATGATCGCCTGGAAGCGTTTTATGATAACCCGAACGCGCTGCGCGATTATTTTCGCGATATTGGCCGCATGGTGCTGGCGGCGGAAGGCCGCAAAGCGAACGATAGCCATGCGGATTGCTATCAGTATTTTTGCGTGCCGGAATATGGCACCGCGAACGGCCGCCTGCATTTTCATGCGGTGCATTTTATGCGCACCCTGCCGACCGGCAGCGTGGATCCGAACTTTGGCCGCCGCGTGCGCAACCGCCGCCAGCTGAACAGCTTGCAAAACACCTGGCCGTATGGCTACAGTATGCCCATCGCAGTTCGCTACACGCAGGACGCTTTTTCACGTTCTGGTTGGTTGTGGCCTGTTGATGCTAAAGGTGAGCCGCTTAAAGCTACCAGTTATATGGCTGTTGGTTTCTATGTGGCTAAATACGTTAACAAAAAGTCAGATATGGACCTTGCTGCTAAAGGTCTAGGAGCTAAAGAATGGAACAACTCACTAAAAACCAAGCTGTCGCTACTTCCCAAGAAGCTGTTCAGAATCAGAATGAGCCGCAACTTCGGGATGAAAATGCTCACAATGACAAATCTGTCCACGGAGTGCTTAATCCAACTTACCAAGCTGGGTTACGACGCGACGCCGTTCAACCAGATATTGAAGCAGAACGCAAAAAGAGAGATGAGATTGAGGCTGGGAAAAGTTACTGTAGCCGACGTTTTGGCGGCGCAACCTGTGACGACAAATCTGCTCAAATTTATGCGCGCTTCGATAAAAATGATTGGCGTATCCAACCTGCAGAGTTTTATCGCTTCCATGACGCAGAAGTTAACACTTTCGGATATTTCTGATGAGTCGAAAAATTATCTTGATAAAGCAGGAATTACTACTGCTTGTTTACGAATTAAATCGAAGTGGACTGCTGGCGGAAAATGA",0.469520103761349,0.318244714916052,0.385700478005333,0.714618560809378,10.3786046511628,"A",-0.229442282749676,0.216037326662971,0.53539491800649,0.781235129828097,1.66112661611685,0.532762885899363,0.705652372106215,0.134889753566796,-486.6
"18","phix_A4","phix_A4",14.4744737513708,1.93187953913313,1068,"ATGGTTCGTTCTTATTACCCTTCTGAATGTCACGCTGATTATTTTGACTTTGAGCGTATCGAGGCTCTTAAACCTGCTATTGAGGCTTGTGGCATTTCTACTCTTTCTCAATCCCCAATGCTTGGCTTCCATAAGCAGATGGATAACCGCATCAAGCTCTTGGAAGAGATTCTGTCTTTTCGTATGCAGGGCGTTGAGTTCGATAATGGTGATATGTATGTTGACGGCCATAAGGCTGCTTCTGACGTTCGTGATGAGTTTGTATCTGTTACTGAGAAGTTAATGGATGAATTGGCACAATGCTACAATGTGCTCCCCCAACTTGATATTAATAACACTATAGACCACCGCCCCGAAGGGGACGAAAAATGGTTTTTAGAGAACGAGAAGACGGTTACGCAGTTTTGCCGCAAGCTGGCTGCTGAACGCCCTCTTAAGGATATTCGCGATGAGTATAATTACCCCAAAAAGAAAGGTATTAAGGATGAGTGTTCAAGATTGCTGGAGGCCTCCACTATGAAATCGCGTAGAGGCTTTACTATTCAGCGTTTGATGAATGCAATGCGACAGGCTCATGCTGATGGTTGGTTTATCGTTTTTGACACTCTCACGTTGGCTGACGACCGATTAGAGGCGTTTTATGATAATCCCAATGCTTTGCGTGACTATTTTCGTGATATTGGTCGTATGGTTCTTGCTGCCGAGGGTCGCAAGGCTAATGATTCACACGCCGACTGCTATCAGTATTTTTGTGTGCCTGAGTATGGTACAGCTAATGGCCGTCTTCATTTCCATGCGGTGCATTTTATGCGGACACTTCCTACAGGTAGCGTTGACCCTAATTTTGGTCGTCGGGTACGCAATCGCCGCCAGTTAAATAGCTTGCAAAATACGTGGCCTTATGGTTACAGTATGCCCATAGCTGTAAGGTACACACAAGACGCTTTCTCAAGGTCAGGATGGCTATGGCCCGTAGACGCTAAGGGAGAGCCCCTAAAGGCTACATCATACATGGCTGTAGGATTCTACGTAGCTAAGTACGTAAATAAGAAGTCAGACATGGACCTA",0.453183520599251,0.257529957288963,0.328986295048353,0.675304129191189,9.46985294117647,"A",-0.260955056179775,0.192786749117622,0.43797799830523,0.648338932740843,1.82466515283354,0.489497710331477,0.753803163449495,0.0599250936329588,-446.6
"19","phix_Awt","phix_Awt",21.5045561998262,3.42004333312212,1068,"ATGGTTCGTTCTTATTACCCTTCTGAATGTCACGCTGATTATTTTGACTTTGAGCGTATCGAGGCTCTTAAACCTGCTATTGAGGCTTGTGGCATTTCTACTCTTTCTCAATCCCCAATGCTTGGCTTCCATAAGCAGATGGATAACCGCATCAAGCTCTTGGAAGAGATTCTGTCTTTTCGTATGCAGGGCGTTGAGTTCGATAATGGTGATATGTATGTTGACGGCCATAAGGCTGCTTCTGACGTTCGTGATGAGTTTGTATCTGTTACTGAGAAGTTAATGGATGAATTGGCACAATGCTACAATGTGCTCCCCCAACTTGATATTAATAACACTATAGACCACCGCCCCGAAGGGGACGAAAAATGGTTTTTAGAGAACGAGAAGACGGTTACGCAGTTTTGCCGCAAGCTGGCTGCTGAACGCCCTCTTAAGGATATTCGCGATGAGTATAATTACCCCAAAAAGAAAGGTATTAAGGATGAGTGTTCAAGATTGCTGGAGGCCTCCACTATGAAATCGCGTAGAGGCTTTACTATTCAGCGTTTGATGAATGCAATGCGACAGGCTCATGCTGATGGTTGGTTTATCGTTTTTGACACTCTCACGTTGGCTGACGACCGATTAGAGGCGTTTTATGATAATCCCAATGCTTTGCGTGACTATTTTCGTGATATTGGTCGTATGGTTCTTGCTGCCGAGGGTCGCAAGGCTAATGATTCACACGCCGACTGCTATCAGTATTTTTGTGTGCCTGAGTATGGTACAGCTAATGGCCGTCTTCATTTCCATGCGGTGCATTTTATGCGGACACTTCCTACAGGTAGCGTTGACCCTAATTTTGGTCGTCGGGTACGCAATCGCCGCCAGTTAAATAGCTTGCAAAATACGTGGCCTTATGGTTACAGTATGCCCATCGCAGTTCGCTACACGCAGGACGCTTTTTCACGTTCTGGTTGGTTGTGGCCTGTTGATGCTAAAGGTGAGCCGCTTAAAGCTACCAGTTATATGGCTGTTGGTTTCTATGTGGCTAAATACGTTAACAAAAAGTCAGATATGGACCTT",0.450374531835206,0.301952864495764,0.385894609010415,0.690077670126142,9.66323529411765,"A",-0.254681647940075,0.191591258332246,0.496859075999871,0.76669644854407,1.84818010929118,0.486462283857186,0.763517629985244,0,-455.4
"20","phix_C","phix_C",20.7,-1.58321691015126,261,"ATGAGAAAATTCGACCTATCCTTGCGCAGCTCGAGAAGCTCTTACTTTGCGACCTTTCGCCATCAACTAACGATTCTGTCAAAAACTGACGCTCTAGACGAGGAGAAGTGGCTAAATATGCTAGGAACATTCGTAAAGGACTGGTTCAGGTACGAGTCACACTTCGTACACGGAAGGGACTCACTAGTTGACATTTTAAAAGAGCGTGGATTACTATCTGAGTCCGATGCTGTTCAACCACTAATAGGTAAGAAATCATGA",0.436781609195402,0.1636985238882,0.177624259675742,0.654026507179465,13.7162162162162,"C",-0.280459770114943,0.200074730028496,0.342274275861793,0.3731022668263,1.72760903370257,0.508174648257252,0.654147662502962,0.153256704980843,-65.3
"21","phix_C_opt","phix_C_opt",19.2675,5.35171818322873,261,"ATGAGAAAATTCGACCTATCCTTGCGCAGCTCGAGAAGCTCTTACTTTGCGACCTTTCGCCATCAACTAACGATTCTGTCAAAAACTGACGCGCTGGATGAAGAAAAATGGCTGAACATGCTGGGCACCTTTGTGAAAGATTGGTTTCGCTATGAAAGCCATTTTGTGCATGGCCGCGATAGCCTGGTTGACATTCTGAAAGAACGCGGCCTACTATGCGAAAGCGATGCGGTGCAGCCACTAATAGGTAAGAAATCATGA",0.467432950191571,0.3007790377863,0.326358688017748,0.64531314794364,12.0277777777778,"C",-0.167432950191571,0.232760998100414,0.523422162364525,0.703580577512975,1.58523982083715,0.595979491477875,0.603182612279222,0.237547892720307,-67.9
"22","phix_Cwt","phix_Cwt",21.5045561998262,-0.066661737029024,261,"ATGAGAAAATTCGACCTATCCTTGCGCAGCTCGAGAAGCTCTTACTTTGCGACCTTTCGCCATCAACTAACGATTCTGTCAAAAACTGACGCGTTGGATGAGGAGAAGTGGCTTAATATGCTTGGCACGTTCGTCAAGGACTGGTTTAGATATGAGTCACATTTTGTTCATGGTAGAGATTCTCTTGTTGACATTTTAAAAGAGCGTGGATTACTATCTGAGTCCGATGCTGTTCAACCACTAATAGGTAAGAAATCATGA",0.417624521072797,0.18347668154218,0.223586025075028,0.649266882981975,13.3972972972973,"C",-0.244444444444444,0.181480562186315,0.414426694218694,0.486394211448786,1.79987335784026,0.460946871408619,0.681510067882212,0,-69.1
"23","phix_F1","phix_F1",18.7303316378399,2.75416661676822,1284,"ATGTCTAATATTCAAACTGGCGCTGAGAGGATGCCCCACGACCTATCACACCTAGGATTCCTAGCTGGACAAATAGGAAGGCTAATAACAATATCAACAACACCCGTAATAGCTGGAGACTCATTCGAGATGGACGCTGTAGGAGCTCTAAGGCTATCACCCCTAAGGAGGGGACTAGCTATAGACTCAACAGTAGACATATTCACATTCTACGTACCCCACAGGCACGTATACGGAGAGCAATGGATAAAGTTCATGAAGGACGGAGTAAATGCTACACCCCTACCCACTGTTAACACTACTGGTTATATTGACCATGCCGCTTTTCTTGGCACGATTAACCCTGATACCAATAAAATCCCTAAGCATTTGTTTCAGGGTTATTTGAATATCTATAACAACTATTTTAAAGCGCCGTGGATGCCTGACCGTACCGAGGCTAACCCTAATGAGCTTAATCAAGATGATGCTCGTTATGGTTTCCGTTGCTGCCATCTCAAAAACATTTGGACTGCTCCGCTTCCTCCTGAGACTGAGCTTTCTCGCCAAATGACGACTTCTACCACATCTATTGACATTATGGGTCTGCAAGCTGCTTATGCTAATTTGCATACTGACCAAGAACGTGATTACTTCATGCAGCGTTACCGTGATGTTATTTCTTCATTTGGAGGTAAAACCTCTTATGACGCTGACAACCGTCCTTTACTTGTCATGCGCTCTAATCTCTGGGCATCTGGCTATGATGTTGATGGAACTGACCAAACGTCGTTAGGCCAGTTTTCTGGTCGTGTTCAACAGACCTATAAACATTCTGTGCCGCGTTTCTTTGTTCCTGAGCATGGCACTATGTTTACTCTTGCGCTTGTTCGTTTTCCGCCTACTGCGACTAAAGAGATTCAGTACCTTAACGCTAAAGGTGCTTTGACTTATACCGATATTGCTGGCGACCCTGTTTTGTATGGCAACTTGCCGCCGCGTGAAATTTCTATGAAGGATGTTTTCCGTTCTGGTGATTCGTCTAAGAAGTTTAAGATTGCTGAGGGTCAGTGGTATCGTTATGCGCCTTCGTATGTTTCTCCTGCTTATCACCTTCTTGAAGGCTTCCCATTCATTCAGGAACCGCCTTCTGGTGATTTGCAAGAACGCGTACTTATTCGCCACCATGATTATGACCAGTGTTTCCAGTCCGTTCAGTTGTTGCAGTGGAATAGTCAGGTTAAATTTAATGTGACCGTTTATCGCAATCTGCCGACCACTCGCGATTCAATCATGACTTCGTGA",0.447040498442368,0.254499661497586,0.311463544228726,0.69519218436389,11.3144278606965,"F",-0.22904984423676,0.189639627660298,0.423850452882932,0.632711988793543,1.80046951419021,0.512660511385787,0.740144524864494,0.101246105919003,-370.9
"24","phix_F1_F2","phix_F1_F2",17.7243141617518,-0.868797995169292,1284,"ATGTCTAATATTCAAACTGGCGCTGAGAGGATGCCCCACGACCTATCACACCTAGGATTCCTAGCTGGACAAATAGGAAGGCTAATAACAATATCAACAACACCCGTAATAGCTGGAGACTCATTCGAGATGGACGCTGTAGGAGCTCTAAGGCTATCACCCCTAAGGAGGGGACTAGCTATAGACTCAACAGTAGACATATTCACATTCTACGTACCCCACAGGCACGTATACGGAGAGCAATGGATAAAGTTCATGAAGGACGGAGTAAATGCTACACCCCTACCCACAGTAAATACAACAGGATACATAGACCACGCTGCTTTCCTAGGAACAATAAATCCCGACACAAATAAGATACCCAAGCACCTATTCCAAGGATACCTAAATATATACAATAATTACTTCAAGGCTCCCTGGATGCCCGACAGGACAGAGGCTAATCCCAATGAGCTAAATCAAGACGACGCTAGGTACGGATTCAGGTGTTGTCACCTAAAGAATATATGGACAGCTCCCCTACCCCCCGAGACAGAGCTATCAAGGCAAATGACAACATCAACAACATCAATAGACATAATGGGACTACAAGCTGCTTACGCTAATCTACACACAGACCAAGAGAGGGACTACTTCATGCAAAGGTACAGGGACGTAATATCATCATTCGGAGGAAAGACATCATACGACGCTGACAATAGGCCCCTACTAGTAATGAGGTCAAATCTCTGGGCATCTGGCTATGATGTTGATGGAACTGACCAAACGTCGTTAGGCCAGTTTTCTGGTCGTGTTCAACAGACCTATAAACATTCTGTGCCGCGTTTCTTTGTTCCTGAGCATGGCACTATGTTTACTCTTGCGCTTGTTCGTTTTCCGCCTACTGCGACTAAAGAGATTCAGTACCTTAACGCTAAAGGTGCTTTGACTTATACCGATATTGCTGGCGACCCTGTTTTGTATGGCAACTTGCCGCCGCGTGAAATTTCTATGAAGGATGTTTTCCGTTCTGGTGATTCGTCTAAGAAGTTTAAGATTGCTGAGGGTCAGTGGTATCGTTATGCGCCTTCGTATGTTTCTCCTGCTTATCACCTTCTTGAAGGCTTCCCATTCATTCAGGAACCGCCTTCTGGTGATTTGCAAGAACGCGTACTTATTCGCCACCATGATTATGACCAGTGTTTCCAGTCCGTTCAGTTGTTGCAGTGGAATAGTCAGGTTAAATTTAATGTGACCGTTTATCGCAATCTGCCGACCACTCGCGATTCAATCATGACTTCGTGA",0.451713395638629,0.152979319083492,0.182686462550782,0.648514506131996,11.0611940298507,"F",-0.273130841121495,0.18751728725371,0.288632806456448,0.360358065036525,1.79851969391958,0.506923102324191,0.739342984607131,0.261682242990654,-349.4
"25","phix_F1_F2_F3","phix_F1_F2_F3",7.99680358495473,-5.82059135094331,1284,"ATGTCTAATATTCAAACTGGCGCTGAGAGGATGCCCCACGACCTATCACACCTAGGATTCCTAGCTGGACAAATAGGAAGGCTAATAACAATATCAACAACACCCGTAATAGCTGGAGACTCATTCGAGATGGACGCTGTAGGAGCTCTAAGGCTATCACCCCTAAGGAGGGGACTAGCTATAGACTCAACAGTAGACATATTCACATTCTACGTACCCCACAGGCACGTATACGGAGAGCAATGGATAAAGTTCATGAAGGACGGAGTAAATGCTACACCCCTACCCACAGTAAATACAACAGGATACATAGACCACGCTGCTTTCCTAGGAACAATAAATCCCGACACAAATAAGATACCCAAGCACCTATTCCAAGGATACCTAAATATATACAATAATTACTTCAAGGCTCCCTGGATGCCCGACAGGACAGAGGCTAATCCCAATGAGCTAAATCAAGACGACGCTAGGTACGGATTCAGGTGTTGTCACCTAAAGAATATATGGACAGCTCCCCTACCCCCCGAGACAGAGCTATCAAGGCAAATGACAACATCAACAACATCAATAGACATAATGGGACTACAAGCTGCTTACGCTAATCTACACACAGACCAAGAGAGGGACTACTTCATGCAAAGGTACAGGGACGTAATATCATCATTCGGAGGAAAGACATCATACGACGCTGACAATAGGCCCCTACTAGTAATGAGGTCAAATCTATGGGCTTCAGGATACGACGTAGACGGAACAGACCAAACATCACTAGGACAATTCTCAGGAAGGGTACAACAAACATACAAGCACTCAGTACCCAGGTTCTTCGTACCCGAGCACGGAACAATGTTCACACTAGCTCTAGTAAGGTTCCCCCCCACAGCTACAAAGGAGATACAATACCTAAATGCTAAGGGAGCTCTAACATACACAGACATAGCTGGAGACCCCGTACTATACGGAAATCTACCCCCCAGGGAGATATCAATGAAGGACGTATTCAGGTCAGGAGACTCATCAAAGAAGTTCAAGATAGCTGAGGGACAATGGTACAGGTACGCTCCCTCATACGTATCACCCGCTTACCACCTACTAGAGGGATTCCCCTTCATACAAGAGCCCCCCTCAGGAGACCTACAAGAGAGGGTACTAATAAGGCACCACGACTACGACCAATGTTTCCAATCAGTACAACTACTACAATGGAATTCACAAGTAAAGTTCAATGTAACAGTATACAGGAATCTACCCACAACAAGGGACTCAATAATGACATCATAG",0.45404984423676,0.0815455315828783,0.0942758377057302,0.593424449969162,10.9179104477612,"F",-0.331853582554517,0.190830602346712,0.170229393594523,0.179846999288137,1.79739939135038,0.515880121650359,0.738882445949716,0.490654205607477,-302.3
"26","phix_F1_F3","phix_F1_F3",11.0754754956689,-2.1211616946562,1284,"ATGTCTAATATTCAAACTGGCGCTGAGAGGATGCCCCACGACCTATCACACCTAGGATTCCTAGCTGGACAAATAGGAAGGCTAATAACAATATCAACAACACCCGTAATAGCTGGAGACTCATTCGAGATGGACGCTGTAGGAGCTCTAAGGCTATCACCCCTAAGGAGGGGACTAGCTATAGACTCAACAGTAGACATATTCACATTCTACGTACCCCACAGGCACGTATACGGAGAGCAATGGATAAAGTTCATGAAGGACGGAGTAAATGCTACACCCCTACCCACTGTTAACACTACTGGTTATATTGACCATGCCGCTTTTCTTGGCACGATTAACCCTGATACCAATAAAATCCCTAAGCATTTGTTTCAGGGTTATTTGAATATCTATAACAACTATTTTAAAGCGCCGTGGATGCCTGACCGTACCGAGGCTAACCCTAATGAGCTTAATCAAGATGATGCTCGTTATGGTTTCCGTTGCTGCCATCTCAAAAACATTTGGACTGCTCCGCTTCCTCCTGAGACTGAGCTTTCTCGCCAAATGACGACTTCTACCACATCTATTGACATTATGGGTCTGCAAGCTGCTTATGCTAATTTGCATACTGACCAAGAACGTGATTACTTCATGCAGCGTTACCGTGATGTTATTTCTTCATTTGGAGGTAAAACCTCTTATGACGCTGACAACCGTCCTTTACTTGTCATGCGCTCTAATCTCTGGGCTTCAGGATACGACGTAGACGGAACAGACCAAACATCACTAGGACAATTCTCAGGAAGGGTACAACAAACATACAAGCACTCAGTACCCAGGTTCTTCGTACCCGAGCACGGAACAATGTTCACACTAGCTCTAGTAAGGTTCCCCCCCACAGCTACAAAGGAGATACAATACCTAAATGCTAAGGGAGCTCTAACATACACAGACATAGCTGGAGACCCCGTACTATACGGAAATCTACCCCCCAGGGAGATATCAATGAAGGACGTATTCAGGTCAGGAGACTCATCAAAGAAGTTCAAGATAGCTGAGGGACAATGGTACAGGTACGCTCCCTCATACGTATCACCCGCTTACCACCTACTAGAGGGATTCCCCTTCATACAAGAGCCCCCCTCAGGAGACCTACAAGAGAGGGTACTAATAAGGCACCACGACTACGACCAATGTTTCCAATCAGTACAACTACTACAATGGAATTCACAAGTAAAGTTCAATGTAACAGTATACAGGAATCTACCCACAACAAGGGACTCAATAATGACATCATAG",0.450155763239875,0.136214278178057,0.161907869745023,0.639303535431443,11.1606965174129,"F",-0.287772585669782,0.192990443202483,0.251299290409978,0.318100294836631,1.80049427160477,0.521718907200048,0.740154702245832,0.328660436137072,-338.1
"27","phix_F1_opt","phix_F1_opt",20.2,6.61851226486785,1284,"ATGTCTAATATTCAAACTGGCGCGGAACGCATGCCGCATGATCTGAGCCATCTGGGCTTTCTGGCGGGCCAGATTGGCCGCCTGATTACCATTAGCACCACCCCGGTGATTGCGGGCGATAGCTTTGAAATGGATGCGGTGGGCGCGCTGCGCCTGAGCCCGCTGCGCCGCGGCCTGGCGATTGATAGCACCGTGGATATTTTTACCTTTTATGTGCCGCATCGCCATGTGTATGGCGAACAGTGGATTAAATTTATGAAAGATGGCGTGAACGCGACCCCGCTGCCGACTGTTAACACTACTGGTTATATTGACCATGCCGCTTTTCTTGGCACGATTAACCCTGATACCAATAAAATCCCTAAGCATTTGTTTCAGGGTTATTTGAATATCTATAACAACTATTTTAAAGCGCCGTGGATGCCTGACCGTACCGAGGCTAACCCTAATGAGCTTAATCAAGATGATGCTCGTTATGGTTTCCGTTGCTGCCATCTCAAAAACATTTGGACTGCTCCGCTTCCTCCTGAGACTGAGCTTTCTCGCCAAATGACGACTTCTACCACATCTATTGACATTATGGGTCTGCAAGCTGCTTATGCTAATTTGCATACTGACCAAGAACGTGATTACTTCATGCAGCGTTACCGTGATGTTATTTCTTCATTTGGAGGTAAAACCTCTTATGACGCTGACAACCGTCCTTTACTTGTCATGCGCTCTAATCTCTGGGCATCTGGCTATGATGTTGATGGAACTGACCAAACGTCGTTAGGCCAGTTTTCTGGTCGTGTTCAACAGACCTATAAACATTCTGTGCCGCGTTTCTTTGTTCCTGAGCATGGCACTATGTTTACTCTTGCGCTTGTTCGTTTTCCGCCTACTGCGACTAAAGAGATTCAGTACCTTAACGCTAAAGGTGCTTTGACTTATACCGATATTGCTGGCGACCCTGTTTTGTATGGCAACTTGCCGCCGCGTGAAATTTCTATGAAGGATGTTTTCCGTTCTGGTGATTCGTCTAAGAAGTTTAAGATTGCTGAGGGTCAGTGGTATCGTTATGCGCCTTCGTATGTTTCTCCTGCTTATCACCTTCTTGAAGGCTTCCCATTCATTCAGGAACCGCCTTCTGGTGATTTGCAAGAACGCGTACTTATTCGCCACCATGATTATGACCAGTGTTTCCAGTCCGTTCAGTTGTTGCAGTGGAATAGTCAGGTTAAATTTAATGTGACCGTTTATCGCAATCTGCCGACCACTCGCGATTCAATCATGACTTCGTGA",0.468847352024922,0.388904904623986,0.479470518887505,0.699679131363334,11.8726368159204,"F",-0.199065420560748,0.199544767177554,0.60085305952842,0.993045921689554,1.71630020599626,0.539437477534236,0.705543854244752,0.0934579439252336,-404.6
"28","phix_F2","phix_F2",19.6601684071493,1.92092660986881,1284,"ATGTCTAATATTCAAACTGGCGCCGAGCGTATGCCGCATGACCTTTCCCATCTTGGCTTCCTTGCTGGTCAGATTGGTCGTCTTATTACCATTTCAACTACTCCGGTTATCGCTGGCGACTCCTTCGAGATGGACGCCGTTGGCGCTCTCCGTCTTTCTCCATTGCGTCGTGGCCTTGCTATTGACTCTACTGTAGACATTTTTACTTTTTATGTCCCTCATCGTCACGTTTATGGTGAACAGTGGATTAAGTTCATGAAGGATGGTGTTAATGCCACTCCTCTCCCGACAGTAAATACAACAGGATACATAGACCACGCTGCTTTCCTAGGAACAATAAATCCCGACACAAATAAGATACCCAAGCACCTATTCCAAGGATACCTAAATATATACAATAATTACTTCAAGGCTCCCTGGATGCCCGACAGGACAGAGGCTAATCCCAATGAGCTAAATCAAGACGACGCTAGGTACGGATTCAGGTGTTGTCACCTAAAGAATATATGGACAGCTCCCCTACCCCCCGAGACAGAGCTATCAAGGCAAATGACAACATCAACAACATCAATAGACATAATGGGACTACAAGCTGCTTACGCTAATCTACACACAGACCAAGAGAGGGACTACTTCATGCAAAGGTACAGGGACGTAATATCATCATTCGGAGGAAAGACATCATACGACGCTGACAATAGGCCCCTACTAGTAATGAGGTCAAATCTCTGGGCATCTGGCTATGATGTTGATGGAACTGACCAAACGTCGTTAGGCCAGTTTTCTGGTCGTGTTCAACAGACCTATAAACATTCTGTGCCGCGTTTCTTTGTTCCTGAGCATGGCACTATGTTTACTCTTGCGCTTGTTCGTTTTCCGCCTACTGCGACTAAAGAGATTCAGTACCTTAACGCTAAAGGTGCTTTGACTTATACCGATATTGCTGGCGACCCTGTTTTGTATGGCAACTTGCCGCCGCGTGAAATTTCTATGAAGGATGTTTTCCGTTCTGGTGATTCGTCTAAGAAGTTTAAGATTGCTGAGGGTCAGTGGTATCGTTATGCGCCTTCGTATGTTTCTCCTGCTTATCACCTTCTTGAAGGCTTCCCATTCATTCAGGAACCGCCTTCTGGTGATTTGCAAGAACGCGTACTTATTCGCCACCATGATTATGACCAGTGTTTCCAGTCCGTTCAGTTGTTGCAGTGGAATAGTCAGGTTAAATTTAATGTGACCGTTTATCGCAATCTGCCGACCACTCGCGATTCAATCATGACTTCGTGA",0.454828660436137,0.222297408101142,0.272154515189038,0.671520550247086,12.4154228855721,"F",-0.236526479750779,0.187876181538703,0.380121376350762,0.547372806024734,1.81546078669972,0.507893315828341,0.746307199756358,0.160436137071651,-357.7
"29","phix_F2_F3","phix_F2_F3",10.1547138132862,-2.95440170155561,1284,"ATGTCTAATATTCAAACTGGCGCCGAGCGTATGCCGCATGACCTTTCCCATCTTGGCTTCCTTGCTGGTCAGATTGGTCGTCTTATTACCATTTCAACTACTCCGGTTATCGCTGGCGACTCCTTCGAGATGGACGCCGTTGGCGCTCTCCGTCTTTCTCCATTGCGTCGTGGCCTTGCTATTGACTCTACTGTAGACATTTTTACTTTTTATGTCCCTCATCGTCACGTTTATGGTGAACAGTGGATTAAGTTCATGAAGGATGGTGTTAATGCCACTCCTCTCCCGACAGTAAATACAACAGGATACATAGACCACGCTGCTTTCCTAGGAACAATAAATCCCGACACAAATAAGATACCCAAGCACCTATTCCAAGGATACCTAAATATATACAATAATTACTTCAAGGCTCCCTGGATGCCCGACAGGACAGAGGCTAATCCCAATGAGCTAAATCAAGACGACGCTAGGTACGGATTCAGGTGTTGTCACCTAAAGAATATATGGACAGCTCCCCTACCCCCCGAGACAGAGCTATCAAGGCAAATGACAACATCAACAACATCAATAGACATAATGGGACTACAAGCTGCTTACGCTAATCTACACACAGACCAAGAGAGGGACTACTTCATGCAAAGGTACAGGGACGTAATATCATCATTCGGAGGAAAGACATCATACGACGCTGACAATAGGCCCCTACTAGTAATGAGGTCAAATCTCTGGGCTTCAGGATACGACGTAGACGGAACAGACCAAACATCACTAGGACAATTCTCAGGAAGGGTACAACAAACATACAAGCACTCAGTACCCAGGTTCTTCGTACCCGAGCACGGAACAATGTTCACACTAGCTCTAGTAAGGTTCCCCCCCACAGCTACAAAGGAGATACAATACCTAAATGCTAAGGGAGCTCTAACATACACAGACATAGCTGGAGACCCCGTACTATACGGAAATCTACCCCCCAGGGAGATATCAATGAAGGACGTATTCAGGTCAGGAGACTCATCAAAGAAGTTCAAGATAGCTGAGGGACAATGGTACAGGTACGCTCCCTCATACGTATCACCCGCTTACCACCTACTAGAGGGATTCCCCTTCATACAAGAGCCCCCCTCAGGAGACCTACAAGAGAGGGTACTAATAAGGCACCACGACTACGACCAATGTTTCCAATCAGTACAACTACTACAATGGAATTCACAAGTAAAGTTCAATGTAACAGTATACAGGAATCTACCCACAACAAGGGACTCAATAATGACATCATAG",0.457943925233645,0.118978865461623,0.141473885506767,0.617534937163671,12.2616915422886,"F",-0.295249221183801,0.191195838072906,0.225372490454776,0.275195434994101,1.81548575025226,0.516867478230189,0.746317461877758,0.38785046728972,-315.2
"30","phix_F2_opt","phix_F2_opt",20.725,7.82474709128944,1284,"ATGTCTAATATTCAAACTGGCGCCGAGCGTATGCCGCATGACCTTTCCCATCTTGGCTTCCTTGCTGGTCAGATTGGTCGTCTTATTACCATTTCAACTACTCCGGTTATCGCTGGCGACTCCTTCGAGATGGACGCCGTTGGCGCTCTCCGTCTTTCTCCATTGCGTCGTGGCCTTGCTATTGACTCTACTGTAGACATTTTTACTTTTTATGTCCCTCATCGTCACGTTTATGGTGAACAGTGGATTAAGTTCATGAAGGATGGTGTTAATGCCACTCCTCTCCCGACCGTGAACACCACCGGCTATATTGATCATGCGGCGTTTCTGGGCACCATTAACCCGGATACCAACAAAATTCCGAAACATCTGTTTCAGGGCTATCTGAACATTTATAACAACTATTTTAAAGCGCCGTGGATGCCGGATCGCACCGAAGCGAACCCGAACGAACTGAACCAGGATGATGCGCGCTATGGCTTTCGCTGCTGCCATCTGAAAAACATTTGGACCGCGCCGCTGCCGCCGGAAACCGAACTGAGCCGCCAGATGACCACCAGCACCACCAGCATTGATATTATGGGCCTGCAGGCGGCGTATGCGAACCTGCATACCGATCAGGAACGCGATTATTTTATGCAGCGCTATCGCGATGTGATTAGCAGCTTTGGCGGCAAAACCAGCTATGATGCGGATAACCGCCCGCTGCTGGTGATGCGCAGCAACCTGTGGGCATCTGGCTATGATGTTGATGGAACTGACCAAACGTCGTTAGGCCAGTTTTCTGGTCGTGTTCAACAGACCTATAAACATTCTGTGCCGCGTTTCTTTGTTCCTGAGCATGGCACTATGTTTACTCTTGCGCTTGTTCGTTTTCCGCCTACTGCGACTAAAGAGATTCAGTACCTTAACGCTAAAGGTGCTTTGACTTATACCGATATTGCTGGCGACCCTGTTTTGTATGGCAACTTGCCGCCGCGTGAAATTTCTATGAAGGATGTTTTCCGTTCTGGTGATTCGTCTAAGAAGTTTAAGATTGCTGAGGGTCAGTGGTATCGTTATGCGCCTTCGTATGTTTCTCCTGCTTATCACCTTCTTGAAGGCTTCCCATTCATTCAGGAACCGCCTTCTGGTGATTTGCAAGAACGCGTACTTATTCGCCACCATGATTATGACCAGTGTTTCCAGTCCGTTCAGTTGTTGCAGTGGAATAGTCAGGTTAAATTTAATGTGACCGTTTATCGCAATCTGCCGACCACTCGCGATTCAATCATGACTTCGTGA",0.487538940809969,0.436490273918051,0.518345880034682,0.711157350549443,13.2497512437811,"F",-0.19696261682243,0.208650215836094,0.644411738506577,1.07364898173282,1.68155707311652,0.564052606889193,0.691261502127754,0.135514018691589,-407.4
"31","phix_F3","phix_F3",14.2670748437441,0.665472164781239,1284,"ATGTCTAATATTCAAACTGGCGCCGAGCGTATGCCGCATGACCTTTCCCATCTTGGCTTCCTTGCTGGTCAGATTGGTCGTCTTATTACCATTTCAACTACTCCGGTTATCGCTGGCGACTCCTTCGAGATGGACGCCGTTGGCGCTCTCCGTCTTTCTCCATTGCGTCGTGGCCTTGCTATTGACTCTACTGTAGACATTTTTACTTTTTATGTCCCTCATCGTCACGTTTATGGTGAACAGTGGATTAAGTTCATGAAGGATGGTGTTAATGCCACTCCTCTCCCGACTGTTAACACTACTGGTTATATTGACCATGCCGCTTTTCTTGGCACGATTAACCCTGATACCAATAAAATCCCTAAGCATTTGTTTCAGGGTTATTTGAATATCTATAACAACTATTTTAAAGCGCCGTGGATGCCTGACCGTACCGAGGCTAACCCTAATGAGCTTAATCAAGATGATGCTCGTTATGGTTTCCGTTGCTGCCATCTCAAAAACATTTGGACTGCTCCGCTTCCTCCTGAGACTGAGCTTTCTCGCCAAATGACGACTTCTACCACATCTATTGACATTATGGGTCTGCAAGCTGCTTATGCTAATTTGCATACTGACCAAGAACGTGATTACTTCATGCAGCGTTACCGTGATGTTATTTCTTCATTTGGAGGTAAAACCTCTTATGACGCTGACAACCGTCCTTTACTTGTCATGCGCTCTAATCTCTGGGCTTCAGGATACGACGTAGACGGAACAGACCAAACATCACTAGGACAATTCTCAGGAAGGGTACAACAAACATACAAGCACTCAGTACCCAGGTTCTTCGTACCCGAGCACGGAACAATGTTCACACTAGCTCTAGTAAGGTTCCCCCCCACAGCTACAAAGGAGATACAATACCTAAATGCTAAGGGAGCTCTAACATACACAGACATAGCTGGAGACCCCGTACTATACGGAAATCTACCCCCCAGGGAGATATCAATGAAGGACGTATTCAGGTCAGGAGACTCATCAAAGAAGTTCAAGATAGCTGAGGGACAATGGTACAGGTACGCTCCCTCATACGTATCACCCGCTTACCACCTACTAGAGGGATTCCCCTTCATACAAGAGCCCCCCTCAGGAGACCTACAAGAGAGGGTACTAATAAGGCACCACGACTACGACCAATGTTTCCAATCAGTACAACTACTACAATGGAATTCACAAGTAAAGTTCAATGTAACAGTATACAGGAATCTACCCACAACAAGGGACTCAATAATGACATCATAG",0.453271028037383,0.197935780906593,0.241199907100385,0.661982820474413,12.5149253731343,"F",-0.251168224299065,0.193359812705092,0.330954174334388,0.483184554130551,1.81745396384973,0.522717438785636,0.747126563340709,0.227414330218069,-346.2
"32","phix_F3_opt","phix_F3_opt",19.15,8.09794719850144,1284,"ATGTCTAATATTCAAACTGGCGCCGAGCGTATGCCGCATGACCTTTCCCATCTTGGCTTCCTTGCTGGTCAGATTGGTCGTCTTATTACCATTTCAACTACTCCGGTTATCGCTGGCGACTCCTTCGAGATGGACGCCGTTGGCGCTCTCCGTCTTTCTCCATTGCGTCGTGGCCTTGCTATTGACTCTACTGTAGACATTTTTACTTTTTATGTCCCTCATCGTCACGTTTATGGTGAACAGTGGATTAAGTTCATGAAGGATGGTGTTAATGCCACTCCTCTCCCGACTGTTAACACTACTGGTTATATTGACCATGCCGCTTTTCTTGGCACGATTAACCCTGATACCAATAAAATCCCTAAGCATTTGTTTCAGGGTTATTTGAATATCTATAACAACTATTTTAAAGCGCCGTGGATGCCTGACCGTACCGAGGCTAACCCTAATGAGCTTAATCAAGATGATGCTCGTTATGGTTTCCGTTGCTGCCATCTCAAAAACATTTGGACTGCTCCGCTTCCTCCTGAGACTGAGCTTTCTCGCCAAATGACGACTTCTACCACATCTATTGACATTATGGGTCTGCAAGCTGCTTATGCTAATTTGCATACTGACCAAGAACGTGATTACTTCATGCAGCGTTACCGTGATGTTATTTCTTCATTTGGAGGTAAAACCTCTTATGACGCTGACAACCGTCCTTTACTTGTCATGCGCTCTAATCTCTGGGCGAGCGGCTATGATGTGGATGGCACCGATCAGACCAGCCTGGGCCAGTTTAGCGGCCGCGTGCAGCAGACCTATAAACATAGCGTGCCGCGCTTTTTTGTGCCGGAACATGGCACCATGTTTACCCTGGCGCTGGTGCGCTTTCCGCCGACCGCGACCAAAGAAATTCAGTATCTGAACGCGAAAGGCGCGCTGACCTATACCGATATTGCGGGCGATCCGGTGCTGTATGGCAACCTGCCGCCGCGCGAAATTAGCATGAAAGATGTGTTTCGCAGCGGCGATAGCAGCAAAAAATTTAAAATTGCGGAAGGCCAGTGGTATCGCTATGCGCCGAGCTATGTGAGCCCGGCGTATCATCTGCTGGAAGGCTTTCCGTTTATTCAGGAACCGCCGAGCGGCGATCTGCAGGAACGCGTGCTGATTCGCCATCATGATTATGATCAGTGCTTTCAGAGCGTGCAGCTGCTGCAGTGGAACAGCCAGGTGAAATTTAACGTGACCGTGTATCGCAACCTGCCGACCACCCGCGATAGCATTATGACCAGCTAA",0.492990654205608,0.430792209799263,0.514761650566326,0.693823193002836,13.144776119403,"F",-0.213084112149533,0.211370242084403,0.633706605986142,1.06632986991911,1.67339454368983,0.571405764373443,0.687906015452421,0.155763239875389,-422.6
"33","phix_Fwt","phix_Fwt",21.5045561998262,5.54080047620566,1284,"ATGTCTAATATTCAAACTGGCGCCGAGCGTATGCCGCATGACCTTTCCCATCTTGGCTTCCTTGCTGGTCAGATTGGTCGTCTTATTACCATTTCAACTACTCCGGTTATCGCTGGCGACTCCTTCGAGATGGACGCCGTTGGCGCTCTCCGTCTTTCTCCATTGCGTCGTGGCCTTGCTATTGACTCTACTGTAGACATTTTTACTTTTTATGTCCCTCATCGTCACGTTTATGGTGAACAGTGGATTAAGTTCATGAAGGATGGTGTTAATGCCACTCCTCTCCCGACTGTTAACACTACTGGTTATATTGACCATGCCGCTTTTCTTGGCACGATTAACCCTGATACCAATAAAATCCCTAAGCATTTGTTTCAGGGTTATTTGAATATCTATAACAACTATTTTAAAGCGCCGTGGATGCCTGACCGTACCGAGGCTAACCCTAATGAGCTTAATCAAGATGATGCTCGTTATGGTTTCCGTTGCTGCCATCTCAAAAACATTTGGACTGCTCCGCTTCCTCCTGAGACTGAGCTTTCTCGCCAAATGACGACTTCTACCACATCTATTGACATTATGGGTCTGCAAGCTGCTTATGCTAATTTGCATACTGACCAAGAACGTGATTACTTCATGCAGCGTTACCGTGATGTTATTTCTTCATTTGGAGGTAAAACCTCTTATGACGCTGACAACCGTCCTTTACTTGTCATGCGCTCTAATCTCTGGGCATCTGGCTATGATGTTGATGGAACTGACCAAACGTCGTTAGGCCAGTTTTCTGGTCGTGTTCAACAGACCTATAAACATTCTGTGCCGCGTTTCTTTGTTCCTGAGCATGGCACTATGTTTACTCTTGCGCTTGTTCGTTTTCCGCCTACTGCGACTAAAGAGATTCAGTACCTTAACGCTAAAGGTGCTTTGACTTATACCGATATTGCTGGCGACCCTGTTTTGTATGGCAACTTGCCGCCGCGTGAAATTTCTATGAAGGATGTTTTCCGTTCTGGTGATTCGTCTAAGAAGTTTAAGATTGCTGAGGGTCAGTGGTATCGTTATGCGCCTTCGTATGTTTCTCCTGCTTATCACCTTCTTGAAGGCTTCCCATTCATTCAGGAACCGCCTTCTGGTGATTTGCAAGAACGCGTACTTATTCGCCACCATGATTATGACCAGTGTTTCCAGTCCGTTCAGTTGTTGCAGTGGAATAGTCAGGTTAAATTTAATGTGACCGTTTATCGCAATCTGCCGACCACTCGCGATTCAATCATGACTTCGTGA",0.450155763239875,0.369818714401874,0.463998309973656,0.719854118539169,12.6686567164179,"F",-0.192445482866044,0.190002583948607,0.558199254945278,0.961070030932451,1.81742897323358,0.51364170586856,0.747116290093887,0,-374.2
"34","phix_G1","phix_G1",10.4309192648353,-0.960041676517686,528,"ATGTTTCAGACTTTTATTTCTCGCCATAATTCAAATTTCTTCTCAGACAAGCTAGTACTAACATCAGTAACACCCGCTTCATCAGCTCCCGTACTACAAACACCCAAGGCTACATCATCAACACTATACTTCGACTCACTAACAGTAAATGCTGGAAATGGAGGATTCCTACACTGTATACAAATGGACACATCAGTAAATGCTGCTAATCAAGTAGTATCAGTAGGAGCTGACATAGCTTTCGACGCTGACCCCAAGTTCTTCGCTTGTCTAGTAAGGTTCGAGTCATCATCAGTACCCACAACACTACCCACAGCTTACGACGTATACCCCCTAAATGGAAGGCACGACGGAGGATACTACACAGTAAAGGACTGTGTAACAATAGACGTACTACCCAGAACGCCGGGCAATAACGTTTATGTTGGTTTCATGGTTTGGTCTAACTTTACCGCTACTAAATGCCGCGGATTGGTTTCGCTGAATCAGGTTATTAAAGAGATTATTTGTCTCCAGCCACTTAAGTGA",0.428030303030303,0.162225682378718,0.185445542987068,0.628682357305627,9.77380952380952,"G",-0.202462121212121,0.19144539306637,0.251473360088984,0.375467577431766,1.62286819570641,0.52051329271335,0.685333774220475,0.371212121212121,-118.1
"35","phix_G1_opt","phix_G1_opt",18.575,8.57916379326923,528,"ATGTTTCAGACTTTTATTTCTCGCCATAACAGCAACTTTTTTAGCGATAAACTGGTGCTGACCAGCGTGACCCCGGCGAGCAGCGCGCCGGTGCTGCAGACCCCGAAAGCGACCAGCAGCACCCTGTATTTTGATAGCCTGACCGTGAACGCGGGCAACGGCGGCTTTCTGCATTGCATTCAGATGGATACCAGCGTGAACGCGGCGAACCAGGTGGTGAGCGTGGGCGCGGATATTGCGTTTGATGCGGATCCGAAATTTTTTGCGTGCCTGGTGCGCTTTGAAAGCAGCAGCGTGCCGACCACCCTGCCGACCGCGTATGATGTGTATCCGCTGAACGGCCGCCATGATGGCGGCTATTATACCGTGAAAGATTGCGTGACCATTGATGTGCTGCCGCGCACCCCGGGCAACAACGTTTATGTTGGTTTCATGGTTTGGTCTAACTTTACCGCTACTAAATGCCGCGGATTGGTTTCGCTGAATCAGGTTATTAAAGAGATTATTTGTCTCCAGCCACTTAAGTGA",0.53219696969697,0.48629926787827,0.537459244972304,0.688242786064347,12.1071428571429,"G",-0.256060606060606,0.21148691722259,0.742872797510178,1.10732292862538,1.48162731454914,0.575003398546985,0.625688051657281,0.325757575757576,-187.2
"36","phix_G2","phix_G2",9.29229533209855,2.04865367263887,528,"ATGTTTCAGACTTTTATTTCTCGCCATAATTCAAACTTTTTTTCTGATAAGCTGGTTCTCACTTCTGTTACTCCAGCTTCTTCGGCACCTGTTTTACAGACACCTAAAGCTACATCGTCAACGTTATATTTTGATAGTTTGACGGTTAATGCTGGTAATGGTGGTTTTCTTCATTGCATTCAGATGGATACATCTGTCAACGCCGCTAATCAGGTTGTTTCTGTTGGTGCTGATATTGCTTTTGATGCCGACCCTAAATTTTTTGCCTGTTTGGTTCGCTTTGAGTCTTCTTCGGTTCCGACTACCCTCCCGACTGCCTATGATGTTTATCCTTTGAATGGTCGCCATGATGGTGGTTATTATACCGTCAAGGACTGTGTGACTATTGACGTCCTTCCCCGAACACCCGGAAATAATGTATACGTAGGATTCATGGTATGGTCAAATTTCACAGCTACAAAGTGTAGGGGACTAGTATCACTAAATCAAGTAATAAAGGAGATAATATGTCTACAACCACTTAAGTGA",0.40530303030303,0.210553582129922,0.264525956917307,0.629591981367776,10.797619047619,"G",-0.210606060606061,0.160961850345675,0.364194224456677,0.536482386334686,1.77479789548878,0.437632796395447,0.749493362068405,0.109848484848485,-130.9
"37","phix_G2_opt","phix_G2_opt",18.125,5.11855606527592,528,"ATGTTTCAGACTTTTATTTCTCGCCATAATTCAAACTTTTTTTCTGATAAGCTGGTTCTCACTTCTGTTACTCCAGCTTCTTCGGCACCTGTTTTACAGACACCTAAAGCTACATCGTCAACGTTATATTTTGATAGTTTGACGGTTAATGCTGGTAATGGTGGTTTTCTTCATTGCATTCAGATGGATACATCTGTCAACGCCGCTAATCAGGTTGTTTCTGTTGGTGCTGATATTGCTTTTGATGCCGACCCTAAATTTTTTGCCTGTTTGGTTCGCTTTGAGTCTTCTTCGGTTCCGACTACCCTCCCGACTGCCTATGATGTTTATCCTTTGAATGGTCGCCATGATGGTGGTTATTATACCGTCAAGGACTGTGTGACTATTGACGTCCTTCCCCGTACGCCGGGCAATAATGTGTATGTGGGCTTTATGGTGTGGAGCAACTTTACCGCGACCAAATGCCGCGGCCTGGTGAGCCTGAACCAGGTGATTAAAGAAATTATTTGCCTGCAGCCACTTAAGTGA",0.439393939393939,0.31862931987652,0.395898143840361,0.648477883349405,10.6059523809524,"G",-0.214772727272727,0.177656590831646,0.528688610959867,0.815294194272755,1.69892791883904,0.48302346473258,0.717453632911751,0.0643939393939394,-141.3
"38","phix_Gwt","phix_Gwt",21.5045561998262,4.83833478372405,528,"ATGTTTCAGACTTTTATTTCTCGCCATAATTCAAACTTTTTTTCTGATAAGCTGGTTCTCACTTCTGTTACTCCAGCTTCTTCGGCACCTGTTTTACAGACACCTAAAGCTACATCGTCAACGTTATATTTTGATAGTTTGACGGTTAATGCTGGTAATGGTGGTTTTCTTCATTGCATTCAGATGGATACATCTGTCAACGCCGCTAATCAGGTTGTTTCTGTTGGTGCTGATATTGCTTTTGATGCCGACCCTAAATTTTTTGCCTGTTTGGTTCGCTTTGAGTCTTCTTCGGTTCCGACTACCCTCCCGACTGCCTATGATGTTTATCCTTTGAATGGTCGCCATGATGGTGGTTATTATACCGTCAAGGACTGTGTGACTATTGACGTCCTTCCCCGTACGCCGGGCAATAATGTTTATGTTGGTTTCATGGTTTGGTCTAACTTTACCGCTACTAAATGCCGCGGATTGGTTTCGCTGAATCAGGTTATTAAAGAGATTATTTGTCTCCAGCCACTTAAGTGA",0.418560606060606,0.302484543329092,0.382737896002423,0.659725956391539,10.5321428571429,"G",-0.19375,0.167249549971116,0.504405104092439,0.788114564839435,1.7588781788026,0.454728173741487,0.742770499700455,0,-133.2
"39","phix_H1","phix_H1",21.8565120774256,1.87332508648079,987,"ATGTTTGGTGCTATTGCTGGAGGAATAGCTTCAGCTCTAGCTGGAGGAGCTATGTCAAAGCTATTCGGAGGAGGACAAAAGGCTGCTTCAGGAGGAATACAAGGAGACGTACTAGCTACAGACAATAATACAGTAGGAATGGGAGACGCTGGAATAAAGTCAGCTATACAAGGATCAAATGTACCCAATCCCGACGAGGCTGCTCCCTCATTCGTATCAGGAGCTATGGCTAAGGCTGGAAAGGGACTACTAGAGGGAACACTACAAGCTGGAACATCAGCTGTATCAGACAAGCTACTAGACCTAGTAGGACTAGGAGGAAAGTCAGCTGCTGACAAGGGAAAGGACACTCGTGATTATCTTGCTGCTGCATTTCCTGAGCTTAATGCTTGGGAGCGTGCTGGTGCTGATGCTTCCTCTGCTGGTATGGTTGACGCCGGATTTGAGAATCAAAAAGAGCTTACTAAAATGCAACTGGACAATCAGAAAGAGATTGCCGAGATGCAAAATGAGACTCAAAAAGAGATTGCTGGCATTCAGTCGGCGACTTCACGCCAGAATACGAAAGACCAGGTATATGCACAAAATGAGATGCTTGCTTATCAACAGAAGGAGTCTACTGCTCGCGTTGCGTCTATTATGGAAAACACCAATCTTTCCAAGCAACAGCAGGTTTCCGAGATTATGCGCCAAATGCTTACTCAAGCTCAAACGGCTGGTCAGTATTTTACCAATGACCAAATCAAAGAAATGACTCGCAAGGTTAGTGCTGAGGTTGACTTAGTTCATCAGCAAACGCAGAATCAGCGGTATGGCTCTTCTCATATTGGCGCTACTGCAAAGGATATTTCTAATGTCGTCACTGATGCTGCTTCTGGTGTGGTTGATATTTTTCATGGTATTGATAAAGCTGTTGCCGATACTTGGAACAATTTCTGGAAAGACGGTAAAGCTGATGGTATTGGCTCTAATTTGTCTAGGAAATAA",0.447821681864235,0.21713703642461,0.268685793484577,0.652254559502505,10.4011363636364,"H",-0.3790273556231,0.193945027096222,0.337557418123814,0.523154564903063,1.59500592294719,0.46411059518633,0.734496884170047,0.168186423505572,-289.4
"40","phix_H1_H2","phix_H1_H2",13.7250182854744,-2.70322099258056,987,"ATGTTTGGTGCTATTGCTGGAGGAATAGCTTCAGCTCTAGCTGGAGGAGCTATGTCAAAGCTATTCGGAGGAGGACAAAAGGCTGCTTCAGGAGGAATACAAGGAGACGTACTAGCTACAGACAATAATACAGTAGGAATGGGAGACGCTGGAATAAAGTCAGCTATACAAGGATCAAATGTACCCAATCCCGACGAGGCTGCTCCCTCATTCGTATCAGGAGCTATGGCTAAGGCTGGAAAGGGACTACTAGAGGGAACACTACAAGCTGGAACATCAGCTGTATCAGACAAGCTACTAGACCTAGTAGGACTAGGAGGAAAGTCAGCTGCTGACAAGGGAAAGGACACTCGGGACTACCTAGCTGCTGCTTTCCCCGAGCTAAATGCTTGGGAGAGGGCTGGAGCTGACGCTTCATCAGCTGGAATGGTAGACGCTGGATTCGAGAATCAAAAGGAGCTAACAAAGATGCAACTAGACAATCAAAAGGAGATAGCTGAGATGCAAAATGAGACACAAAAGGAGATAGCTGGAATACAATCAGCTACATCAAGGCAAAATACAAAGGACCAAGTATACGCTCAAAATGAGATGCTAGCTTACCAACAAAAGGAGTCAACAGCTAGGGTAGCTTCAATAATGGAGAATACAAATCTATCAAAGCAACAACAAGTATCAGAGATAATGAGGCAAATGCTAACACAAGCTCAAACAGCTGGACAATACTTCACAAATGACCAAATAAAAGAAATGACTCGCAAGGTTAGTGCTGAGGTTGACTTAGTTCATCAGCAAACGCAGAATCAGCGGTATGGCTCTTCTCATATTGGCGCTACTGCAAAGGATATTTCTAATGTCGTCACTGATGCTGCTTCTGGTGTGGTTGATATTTTTCATGGTATTGATAAAGCTGTTGCCGATACTTGGAACAATTTCTGGAAAGACGGTAAAGCTGATGGTATTGGCTCTAATTTGTCTAGGAAATAA",0.437689969604863,0.142142502084198,0.176542629766096,0.631251436678235,10.2772727272727,"H",-0.413171225937183,0.187846814700945,0.243180478213998,0.338242859566973,1.60426487013724,0.449517568354348,0.738760609943064,0.314083080040527,-273.9
"41","phix_H1_H2_H3","phix_H1_H2_H3",13.3638536953014,-5.55020594591686,987,"ATGTTTGGTGCTATTGCTGGAGGAATAGCTTCAGCTCTAGCTGGAGGAGCTATGTCAAAGCTATTCGGAGGAGGACAAAAGGCTGCTTCAGGAGGAATACAAGGAGACGTACTAGCTACAGACAATAATACAGTAGGAATGGGAGACGCTGGAATAAAGTCAGCTATACAAGGATCAAATGTACCCAATCCCGACGAGGCTGCTCCCTCATTCGTATCAGGAGCTATGGCTAAGGCTGGAAAGGGACTACTAGAGGGAACACTACAAGCTGGAACATCAGCTGTATCAGACAAGCTACTAGACCTAGTAGGACTAGGAGGAAAGTCAGCTGCTGACAAGGGAAAGGACACTCGGGACTACCTAGCTGCTGCTTTCCCCGAGCTAAATGCTTGGGAGAGGGCTGGAGCTGACGCTTCATCAGCTGGAATGGTAGACGCTGGATTCGAGAATCAAAAGGAGCTAACAAAGATGCAACTAGACAATCAAAAGGAGATAGCTGAGATGCAAAATGAGACACAAAAGGAGATAGCTGGAATACAATCAGCTACATCAAGGCAAAATACAAAGGACCAAGTATACGCTCAAAATGAGATGCTAGCTTACCAACAAAAGGAGTCAACAGCTAGGGTAGCTTCAATAATGGAGAATACAAATCTATCAAAGCAACAACAAGTATCAGAGATAATGAGGCAAATGCTAACACAAGCTCAAACAGCTGGACAATACTTCACAAATGACCAAATAAAGGAGATGACAAGGAAGGTATCAGCTGAGGTAGACCTAGTACACCAACAAACACAAAATCAAAGGTACGGATCATCACACATAGGAGCTACAGCTAAGGACATATCAAATGTAGTAACAGACGCTGCTTCAGGAGTAGTAGACATATTCCACGGAATAGACAAGGCTGTAGCTGACACATGGAATAATTTCTGGAAGGACGGAAAGGCTGACGGAATAGGATCAAATCTATCTAGGAAATAA",0.440729483282675,0.108696986943018,0.135332970696598,0.645913737868341,10.2926136363636,"H",-0.447213779128673,0.190824940450855,0.192096639263433,0.257291057232288,1.56572439237067,0.456644225505732,0.72101280071759,0.427558257345491,-259.8
"42","phix_H1_H3","phix_H1_H3",18.9144945074861,-1.01080630548529,987,"ATGTTTGGTGCTATTGCTGGAGGAATAGCTTCAGCTCTAGCTGGAGGAGCTATGTCAAAGCTATTCGGAGGAGGACAAAAGGCTGCTTCAGGAGGAATACAAGGAGACGTACTAGCTACAGACAATAATACAGTAGGAATGGGAGACGCTGGAATAAAGTCAGCTATACAAGGATCAAATGTACCCAATCCCGACGAGGCTGCTCCCTCATTCGTATCAGGAGCTATGGCTAAGGCTGGAAAGGGACTACTAGAGGGAACACTACAAGCTGGAACATCAGCTGTATCAGACAAGCTACTAGACCTAGTAGGACTAGGAGGAAAGTCAGCTGCTGACAAGGGAAAGGACACTCGTGATTATCTTGCTGCTGCATTTCCTGAGCTTAATGCTTGGGAGCGTGCTGGTGCTGATGCTTCCTCTGCTGGTATGGTTGACGCCGGATTTGAGAATCAAAAAGAGCTTACTAAAATGCAACTGGACAATCAGAAAGAGATTGCCGAGATGCAAAATGAGACTCAAAAAGAGATTGCTGGCATTCAGTCGGCGACTTCACGCCAGAATACGAAAGACCAGGTATATGCACAAAATGAGATGCTTGCTTATCAACAGAAGGAGTCTACTGCTCGCGTTGCGTCTATTATGGAAAACACCAATCTTTCCAAGCAACAGCAGGTTTCCGAGATTATGCGCCAAATGCTTACTCAAGCTCAAACGGCTGGTCAGTATTTTACCAATGACCAAATCAAGGAGATGACAAGGAAGGTATCAGCTGAGGTAGACCTAGTACACCAACAAACACAAAATCAAAGGTACGGATCATCACACATAGGAGCTACAGCTAAGGACATATCAAATGTAGTAACAGACGCTGCTTCAGGAGTAGTAGACATATTCCACGGAATAGACAAGGCTGTAGCTGACACATGGAATAATTTCTGGAAGGACGGAAAGGCTGACGGAATAGGATCAAATCTATCTAGGAAATAA",0.450861195542047,0.166045632143937,0.205967514273562,0.667404707681765,10.4164772727273,"H",-0.41306990881459,0.197019833981725,0.266648236142393,0.397947768275518,1.55668787992626,0.471468610367641,0.716851505678684,0.283687943262411,-282.3
"43","phix_H1_opt","phix_H1_opt",18.125,8.68621856444878,987,"ATGTTTGGTGCTATTGCGGGCGGCATTGCGAGCGCGCTGGCGGGCGGCGCGATGAGCAAACTGTTTGGCGGCGGCCAGAAAGCGGCGAGCGGCGGCATTCAGGGCGATGTGCTGGCGACCGATAACAACACCGTGGGCATGGGCGATGCGGGCATTAAAAGCGCGATTCAGGGCAGCAACGTGCCGAACCCGGATGAAGCGGCGCCGAGCTTTGTGAGCGGCGCGATGGCGAAAGCGGGCAAAGGCCTGCTGGAAGGCACCCTGCAGGCGGGCACCAGCGCGGTGAGCGATAAACTGCTGGATCTGGTGGGCCTGGGCGGCAAAAGCGCGGCGGATAAAGGCAAAGATACCCGTGATTATCTTGCTGCTGCATTTCCTGAGCTTAATGCTTGGGAGCGTGCTGGTGCTGATGCTTCCTCTGCTGGTATGGTTGACGCCGGATTTGAGAATCAAAAAGAGCTTACTAAAATGCAACTGGACAATCAGAAAGAGATTGCCGAGATGCAAAATGAGACTCAAAAAGAGATTGCTGGCATTCAGTCGGCGACTTCACGCCAGAATACGAAAGACCAGGTATATGCACAAAATGAGATGCTTGCTTATCAACAGAAGGAGTCTACTGCTCGCGTTGCGTCTATTATGGAAAACACCAATCTTTCCAAGCAACAGCAGGTTTCCGAGATTATGCGCCAAATGCTTACTCAAGCTCAAACGGCTGGTCAGTATTTTACCAATGACCAAATCAAAGAAATGACTCGCAAGGTTAGTGCTGAGGTTGACTTAGTTCATCAGCAAACGCAGAATCAGCGGTATGGCTCTTCTCATATTGGCGCTACTGCAAAGGATATTTCTAATGTCGTCACTGATGCTGCTTCTGGTGTGGTTGATATTTTTCATGGTATTGATAAAGCTGTTGCCGATACTTGGAACAATTTCTGGAAAGACGGTAAAGCTGATGGTATTGGCTCTAATTTGTCTAGGAAATAA",0.508611955420466,0.424735314410409,0.499743464756241,0.698644102772558,11.0164772727273,"H",-0.33080040526849,0.229021855933624,0.63818948030082,0.973587014547157,1.50515141542977,0.548049472881291,0.69311907180542,0.151975683890578,-338.3
"44","phix_H2","phix_H2",20.5585881666292,0.976519805993858,987,"ATGTTTGGTGCTATTGCTGGCGGTATTGCTTCTGCTCTTGCTGGTGGCGCCATGTCTAAATTGTTTGGAGGCGGTCAAAAAGCCGCCTCCGGTGGCATTCAAGGTGATGTGCTTGCTACCGATAACAATACTGTAGGCATGGGTGATGCTGGTATTAAATCTGCCATTCAAGGCTCTAATGTTCCTAACCCTGATGAGGCCGCCCCTAGTTTTGTTTCTGGTGCTATGGCTAAAGCTGGTAAAGGACTTCTTGAAGGTACGTTGCAGGCTGGCACTTCTGCCGTTTCTGATAAGTTGCTTGATTTGGTTGGACTTGGTGGCAAGTCTGCCGCTGATAAAGGAAAGGATACTCGGGACTACCTAGCTGCTGCTTTCCCCGAGCTAAATGCTTGGGAGAGGGCTGGAGCTGACGCTTCATCAGCTGGAATGGTAGACGCTGGATTCGAGAATCAAAAGGAGCTAACAAAGATGCAACTAGACAATCAAAAGGAGATAGCTGAGATGCAAAATGAGACACAAAAGGAGATAGCTGGAATACAATCAGCTACATCAAGGCAAAATACAAAGGACCAAGTATACGCTCAAAATGAGATGCTAGCTTACCAACAAAAGGAGTCAACAGCTAGGGTAGCTTCAATAATGGAGAATACAAATCTATCAAAGCAACAACAAGTATCAGAGATAATGAGGCAAATGCTAACACAAGCTCAAACAGCTGGACAATACTTCACAAATGACCAAATAAAAGAAATGACTCGCAAGGTTAGTGCTGAGGTTGACTTAGTTCATCAGCAAACGCAGAATCAGCGGTATGGCTCTTCTCATATTGGCGCTACTGCAAAGGATATTTCTAATGTCGTCACTGATGCTGCTTCTGGTGTGGTTGATATTTTTCATGGTATTGATAAAGCTGTTGCCGATACTTGGAACAATTTCTGGAAAGACGGTAAAGCTGATGGTATTGGCTCTAATTTGTCTAGGAAATAA",0.440729483282675,0.226727435380186,0.286973177025143,0.66157070939284,11.9369318181818,"H",-0.368693009118541,0.19447440558056,0.384980432121028,0.550065542701018,1.68823400167106,0.465377398296074,0.777428219003783,0.145896656534954,-305.5
"45","phix_H2_H3","phix_H2_H3",19.7045885676289,-1.88277141774331,987,"ATGTTTGGTGCTATTGCTGGCGGTATTGCTTCTGCTCTTGCTGGTGGCGCCATGTCTAAATTGTTTGGAGGCGGTCAAAAAGCCGCCTCCGGTGGCATTCAAGGTGATGTGCTTGCTACCGATAACAATACTGTAGGCATGGGTGATGCTGGTATTAAATCTGCCATTCAAGGCTCTAATGTTCCTAACCCTGATGAGGCCGCCCCTAGTTTTGTTTCTGGTGCTATGGCTAAAGCTGGTAAAGGACTTCTTGAAGGTACGTTGCAGGCTGGCACTTCTGCCGTTTCTGATAAGTTGCTTGATTTGGTTGGACTTGGTGGCAAGTCTGCCGCTGATAAAGGAAAGGATACAAGGGACTACCTAGCTGCTGCTTTCCCCGAGCTAAATGCTTGGGAGAGGGCTGGAGCTGACGCTTCATCAGCTGGAATGGTAGACGCTGGATTCGAGAATCAAAAGGAGCTAACAAAGATGCAACTAGACAATCAAAAGGAGATAGCTGAGATGCAAAATGAGACACAAAAGGAGATAGCTGGAATACAATCAGCTACATCAAGGCAAAATACAAAGGACCAAGTATACGCTCAAAATGAGATGCTAGCTTACCAACAAAAGGAGTCAACAGCTAGGGTAGCTTCAATAATGGAGAATACAAATCTATCAAAGCAACAACAAGTATCAGAGATAATGAGGCAAATGCTAACACAAGCTCAAACAGCTGGACAATACTTCACAAATGACCAAATAAAGGAGATGACAAGGAAGGTATCAGCTGAGGTAGACCTAGTACACCAACAAACACAAAATCAAAGGTACGGATCATCACACATAGGAGCTACAGCTAAGGACATATCAAATGTAGTAACAGACGCTGCTTCAGGAGTAGTAGACATATTCCACGGAATAGACAAGGCTGTAGCTGACACATGGAATAATTTCTGGAAGGACGGAAAGGCTGACGGAATAGGATCAAATCTATCTAGGAAATAA",0.442755825734549,0.171596974460597,0.217161686299217,0.677092513480595,11.9471590909091,"H",-0.403242147922999,0.19780197184474,0.306065851236606,0.411211529798163,1.65073104535004,0.47334026685998,0.760158186229198,0.263424518743668,-298.7
"46","phix_H2_opt","phix_H2_opt",20.375,5.86176597838694,987,"ATGTTTGGTGCTATTGCTGGCGGTATTGCTTCTGCTCTTGCTGGTGGCGCCATGTCTAAATTGTTTGGAGGCGGTCAAAAAGCCGCCTCCGGTGGCATTCAAGGTGATGTGCTTGCTACCGATAACAATACTGTAGGCATGGGTGATGCTGGTATTAAATCTGCCATTCAAGGCTCTAATGTTCCTAACCCTGATGAGGCCGCCCCTAGTTTTGTTTCTGGTGCTATGGCTAAAGCTGGTAAAGGACTTCTTGAAGGTACGTTGCAGGCTGGCACTTCTGCCGTTTCTGATAAGTTGCTTGATTTGGTTGGACTTGGTGGCAAGTCTGCCGCTGATAAAGGAAAGGATACTCGCGATTATCTGGCGGCGGCGTTTCCGGAACTGAACGCGTGGGAACGCGCGGGCGCGGATGCGAGCAGCGCGGGCATGGTGGATGCGGGCTTTGAAAACCAGAAAGAACTGACCAAAATGCAGCTGGATAACCAGAAAGAAATTGCGGAAATGCAGAACGAAACCCAGAAAGAAATTGCGGGCATTCAGAGCGCGACCAGCCGCCAGAACACCAAAGATCAGGTGTATGCGCAGAACGAAATGCTGGCGTATCAGCAGAAAGAAAGCACCGCGCGCGTGGCGAGCATTATGGAAAACACCAACCTGAGCAAACAGCAGCAGGTGAGCGAAATTATGCGCCAGATGCTGACCCAGGCGCAGACCGCGGGCCAGTATTTTACCAACGATCAGATTAAAGAAATGACTCGCAAGGTTAGTGCTGAGGTTGACTTAGTTCATCAGCAAACGCAGAATCAGCGGTATGGCTCTTCTCATATTGGCGCTACTGCAAAGGATATTTCTAATGTCGTCACTGATGCTGCTTCTGGTGTGGTTGATATTTTTCATGGTATTGATAAAGCTGTTGCCGATACTTGGAACAATTTCTGGAAAGACGGTAAAGCTGATGGTATTGGCTCTAATTTGTCTAGGAAATAA",0.492401215805471,0.438287362733174,0.514847224980033,0.722397955843839,10.2488636363636,"H",-0.315096251266464,0.22552762865939,0.676943583739966,1.00305641973004,1.54672406895273,0.539687784395426,0.712263191610863,0.172239108409321,-334.2
"47","phix_H3","phix_H3",21.5457609809191,2.66893449308913,987,"ATGTTTGGTGCTATTGCTGGCGGTATTGCTTCTGCTCTTGCTGGTGGCGCCATGTCTAAATTGTTTGGAGGCGGTCAAAAAGCCGCCTCCGGTGGCATTCAAGGTGATGTGCTTGCTACCGATAACAATACTGTAGGCATGGGTGATGCTGGTATTAAATCTGCCATTCAAGGCTCTAATGTTCCTAACCCTGATGAGGCCGCCCCTAGTTTTGTTTCTGGTGCTATGGCTAAAGCTGGTAAAGGACTTCTTGAAGGTACGTTGCAGGCTGGCACTTCTGCCGTTTCTGATAAGTTGCTTGATTTGGTTGGACTTGGTGGCAAGTCTGCCGCTGATAAAGGAAAGGATACTCGTGATTATCTTGCTGCTGCATTTCCTGAGCTTAATGCTTGGGAGCGTGCTGGTGCTGATGCTTCCTCTGCTGGTATGGTTGACGCCGGATTTGAGAATCAAAAAGAGCTTACTAAAATGCAACTGGACAATCAGAAAGAGATTGCCGAGATGCAAAATGAGACTCAAAAAGAGATTGCTGGCATTCAGTCGGCGACTTCACGCCAGAATACGAAAGACCAGGTATATGCACAAAATGAGATGCTTGCTTATCAACAGAAGGAGTCTACTGCTCGCGTTGCGTCTATTATGGAAAACACCAATCTTTCCAAGCAACAGCAGGTTTCCGAGATTATGCGCCAAATGCTTACTCAAGCTCAAACGGCTGGTCAGTATTTTACCAATGACCAAATCAAGGAGATGACAAGGAAGGTATCAGCTGAGGTAGACCTAGTACACCAACAAACACAAAATCAAAGGTACGGATCATCACACATAGGAGCTACAGCTAAGGACATATCAAATGTAGTAACAGACGCTGCTTCAGGAGTAGTAGACATATTCCACGGAATAGACAAGGCTGTAGCTGACACATGGAATAATTTCTGGAAGGACGGAAAGGCTGACGGAATAGGATCAAATCTATCTAGGAAATAA",0.453900709219858,0.264854633765883,0.3348038488685,0.699460437249203,12.0761363636364,"H",-0.368591691995947,0.203971066329632,0.422132376448709,0.647160313756126,1.63816677520086,0.488102914585532,0.754372366161903,0.115501519756839,-314.5
"48","phix_H3_opt","phix_H3_opt",19.74,6.72711626516172,987,"ATGTTTGGTGCTATTGCTGGCGGTATTGCTTCTGCTCTTGCTGGTGGCGCCATGTCTAAATTGTTTGGAGGCGGTCAAAAAGCCGCCTCCGGTGGCATTCAAGGTGATGTGCTTGCTACCGATAACAATACTGTAGGCATGGGTGATGCTGGTATTAAATCTGCCATTCAAGGCTCTAATGTTCCTAACCCTGATGAGGCCGCCCCTAGTTTTGTTTCTGGTGCTATGGCTAAAGCTGGTAAAGGACTTCTTGAAGGTACGTTGCAGGCTGGCACTTCTGCCGTTTCTGATAAGTTGCTTGATTTGGTTGGACTTGGTGGCAAGTCTGCCGCTGATAAAGGAAAGGATACTCGTGATTATCTTGCTGCTGCATTTCCTGAGCTTAATGCTTGGGAGCGTGCTGGTGCTGATGCTTCCTCTGCTGGTATGGTTGACGCCGGATTTGAGAATCAAAAAGAGCTTACTAAAATGCAACTGGACAATCAGAAAGAGATTGCCGAGATGCAAAATGAGACTCAAAAAGAGATTGCTGGCATTCAGTCGGCGACTTCACGCCAGAATACGAAAGACCAGGTATATGCACAAAATGAGATGCTTGCTTATCAACAGAAGGAGTCTACTGCTCGCGTTGCGTCTATTATGGAAAACACCAATCTTTCCAAGCAACAGCAGGTTTCCGAGATTATGCGCCAAATGCTTACTCAAGCTCAAACGGCTGGTCAGTATTTTACCAATGACCAAATTAAAGAAATGACCCGCAAAGTGAGCGCGGAAGTGGATCTGGTGCATCAGCAGACCCAGAACCAGCGCTATGGCAGCAGCCATATTGGCGCGACCGCGAAAGATATTAGCAACGTGGTGACCGATGCGGCGAGCGGCGTGGTGGATATTTTTCATGGCATTGATAAAGCGGTGGCGGATACCTGGAACAACTTTTGGAAAGATGGCAAAGCGGATGGCATTGGCAGCAACCTGAGCCGCAAATAA",0.480243161094225,0.368073312317289,0.452950523555492,0.680775252649209,12.1636363636364,"H",-0.348024316109422,0.211715116780947,0.569514543863188,0.886105746234907,1.59629400882542,0.506634433119026,0.735090045016971,0.0952380952380952,-337.7
"49","phix_Hwt","phix_Hwt",21.5045561998262,5.55306588505521,987,"ATGTTTGGTGCTATTGCTGGCGGTATTGCTTCTGCTCTTGCTGGTGGCGCCATGTCTAAATTGTTTGGAGGCGGTCAAAAAGCCGCCTCCGGTGGCATTCAAGGTGATGTGCTTGCTACCGATAACAATACTGTAGGCATGGGTGATGCTGGTATTAAATCTGCCATTCAAGGCTCTAATGTTCCTAACCCTGATGAGGCCGCCCCTAGTTTTGTTTCTGGTGCTATGGCTAAAGCTGGTAAAGGACTTCTTGAAGGTACGTTGCAGGCTGGCACTTCTGCCGTTTCTGATAAGTTGCTTGATTTGGTTGGACTTGGTGGCAAGTCTGCCGCTGATAAAGGAAAGGATACTCGTGATTATCTTGCTGCTGCATTTCCTGAGCTTAATGCTTGGGAGCGTGCTGGTGCTGATGCTTCCTCTGCTGGTATGGTTGACGCCGGATTTGAGAATCAAAAAGAGCTTACTAAAATGCAACTGGACAATCAGAAAGAGATTGCCGAGATGCAAAATGAGACTCAAAAAGAGATTGCTGGCATTCAGTCGGCGACTTCACGCCAGAATACGAAAGACCAGGTATATGCACAAAATGAGATGCTTGCTTATCAACAGAAGGAGTCTACTGCTCGCGTTGCGTCTATTATGGAAAACACCAATCTTTCCAAGCAACAGCAGGTTTCCGAGATTATGCGCCAAATGCTTACTCAAGCTCAAACGGCTGGTCAGTATTTTACCAATGACCAAATCAAAGAAATGACTCGCAAGGTTAGTGCTGAGGTTGACTTAGTTCATCAGCAAACGCAGAATCAGCGGTATGGCTCTTCTCATATTGGCGCTACTGCAAAGGATATTTCTAATGTCGTCACTGATGCTGCTTCTGGTGTGGTTGATATTTTTCATGGTATTGATAAAGCTGTTGCCGATACTTGGAACAATTTCTGGAAAGACGGTAAAGCTGATGGTATTGGCTCTAATTTGTCTAGGAAATAA",0.450861195542047,0.346349069931553,0.436753524516707,0.683582621063783,12.0607954545455,"H",-0.334549138804458,0.200787774442117,0.534389115645237,0.850777160612725,1.67849043017181,0.480485294713104,0.772941324752217,0,-305.8
"50","phix_J","phix_J",10.55,-2.84206343604554,117,"ATGTCTAAAGGTAAAAAACGTTCAGGAGCTAGGCCCGGAAGGCCCCAACCCCTAAGGGGAACAAAGGGAAAGAGGAAGGGAGCTAGGCTATGGTACGTAGGAGGACAACAATTCTAG",0.504273504273504,0.0576339649565029,0.066820930272836,0.629466984423762,9.45238095238095,"J",-0.72991452991453,0.201405414938278,0.195470000935579,0.125754923133746,2.23950878384176,0.467573585797543,0.741532152503334,0.41025641025641,-25.9
"51","phix_J_opt","phix_J_opt",19.475,12.6240367193285,117,"ATGTCTAAAGGTAAAAAACGTAGCGGCGCGCGCCCGGGCCGCCCGCAGCCGCTGCGCGGCACCAAAGGCAAACGCAAAGGCGCGCGCCTGTGGTATGTGGGCGGCCAGCAGTTTTAA",0.641025641025641,0.674226843054047,0.680434101439725,0.761686735614119,13.5285714285714,"J",-0.323931623931624,0.338245965165088,0.841385394010994,1.55136955073787,1.53470492059752,0.785256339122058,0.508161902038134,0.341880341880342,-54.8
"52","phix_Jwt","phix_Jwt",21.5045561998262,8.73421533464422,117,"ATGTCTAAAGGTAAAAAACGTTCTGGCGCTCGCCCTGGTCGTCCGCAGCCGTTGCGAGGTACTAAAGGCAAGCGTAAAGGCGCTCGTCTTTGGTATGTAGGTGGTCAACAATTTTAG",0.504273504273504,0.482962692645907,0.533436689890468,0.837507398168797,14.1380952380952,"J",-0.396581196581197,0.231367629409996,0.622191924254339,1.17187624184099,2.21679035376996,0.537132490473815,0.734009767918735,0,-34.8
